ecosystem,library,test_name,iteration,outcome,leak_probability,samples,elapsed_sec,timestamp
C/C++,libressl,c_libraries::libressl::libressl_aes_256_gcm_encrypt_constant_time,1,PASS,0.0,6000,0,2026-02-05T22:05:04-03:00
C/C++,libressl,c_libraries::libressl::libressl_aes_256_gcm_encrypt_constant_time,2,PASS,0.0,6000,1,2026-02-05T22:05:05-03:00
C/C++,libressl,c_libraries::libressl::libressl_aes_256_gcm_encrypt_constant_time,3,PASS,0.0,6000,0,2026-02-05T22:05:05-03:00
C/C++,libressl,c_libraries::libressl::libressl_aes_256_gcm_encrypt_constant_time,4,PASS,0.0,6000,0,2026-02-05T22:05:05-03:00
C/C++,libressl,c_libraries::libressl::libressl_aes_256_gcm_encrypt_constant_time,5,PASS,0.0,6000,0,2026-02-05T22:05:05-03:00
C/C++,libressl,c_libraries::libressl::libressl_aes_256_gcm_encrypt_constant_time,6,PASS,0.0,6000,0,2026-02-05T22:05:05-03:00
C/C++,libressl,c_libraries::libressl::libressl_aes_256_gcm_encrypt_constant_time,7,PASS,0.0,6000,1,2026-02-05T22:05:06-03:00
C/C++,libressl,c_libraries::libressl::libressl_aes_256_gcm_encrypt_constant_time,8,PASS,0.0,6000,0,2026-02-05T22:05:06-03:00
C/C++,libressl,c_libraries::libressl::libressl_aes_256_gcm_encrypt_constant_time,9,PASS,0.0,6000,0,2026-02-05T22:05:06-03:00
C/C++,libressl,c_libraries::libressl::libressl_aes_256_gcm_encrypt_constant_time,10,PASS,0.0,6000,0,2026-02-05T22:05:06-03:00
C/C++,libressl,c_libraries::libressl::libressl_ecdsa_p256_sign_constant_time,1,INCONCLUSIVE,0.0,6000,5,2026-02-05T22:05:11-03:00
C/C++,libressl,c_libraries::libressl::libressl_ecdsa_p256_sign_constant_time,2,INCONCLUSIVE,0.0,6000,5,2026-02-05T22:05:16-03:00
C/C++,libressl,c_libraries::libressl::libressl_ecdsa_p256_sign_constant_time,3,INCONCLUSIVE,0.0,6000,5,2026-02-05T22:05:21-03:00
C/C++,libressl,c_libraries::libressl::libressl_ecdsa_p256_sign_constant_time,4,INCONCLUSIVE,0.0,6000,5,2026-02-05T22:05:26-03:00
C/C++,libressl,c_libraries::libressl::libressl_ecdsa_p256_sign_constant_time,5,INCONCLUSIVE,0.0,6000,6,2026-02-05T22:05:32-03:00
C/C++,libressl,c_libraries::libressl::libressl_ecdsa_p256_sign_constant_time,6,INCONCLUSIVE,0.0,6000,5,2026-02-05T22:05:37-03:00
C/C++,libressl,c_libraries::libressl::libressl_ecdsa_p256_sign_constant_time,7,INCONCLUSIVE,0.0,6000,5,2026-02-05T22:05:42-03:00
C/C++,libressl,c_libraries::libressl::libressl_ecdsa_p256_sign_constant_time,8,INCONCLUSIVE,0.0,6000,6,2026-02-05T22:05:48-03:00
C/C++,libressl,c_libraries::libressl::libressl_ecdsa_p256_sign_constant_time,9,INCONCLUSIVE,0.0,6000,5,2026-02-05T22:05:53-03:00
C/C++,libressl,c_libraries::libressl::libressl_ecdsa_p256_sign_constant_time,10,INCONCLUSIVE,0.0,6000,5,2026-02-05T22:05:58-03:00
C/C++,libressl,c_libraries::libressl::libressl_ecdsa_p256_verify_constant_time,1,INCONCLUSIVE,0.0,59000,33,2026-02-05T22:06:31-03:00
C/C++,libressl,c_libraries::libressl::libressl_ecdsa_p256_verify_constant_time,2,INCONCLUSIVE,0.0,6000,4,2026-02-05T22:06:35-03:00
C/C++,libressl,c_libraries::libressl::libressl_ecdsa_p256_verify_constant_time,3,INCONCLUSIVE,0.0,36000,21,2026-02-05T22:06:56-03:00
C/C++,libressl,c_libraries::libressl::libressl_ecdsa_p256_verify_constant_time,4,INCONCLUSIVE,0.0,31000,18,2026-02-05T22:07:14-03:00
C/C++,libressl,c_libraries::libressl::libressl_ecdsa_p256_verify_constant_time,5,FAIL,0.0,33000,18,2026-02-05T22:07:32-03:00
C/C++,libressl,c_libraries::libressl::libressl_ecdsa_p256_verify_constant_time,6,INCONCLUSIVE,0.0,6000,5,2026-02-05T22:07:37-03:00
C/C++,libressl,c_libraries::libressl::libressl_ecdsa_p256_verify_constant_time,7,INCONCLUSIVE,0.0,6000,4,2026-02-05T22:07:41-03:00
C/C++,libressl,c_libraries::libressl::libressl_ecdsa_p256_verify_constant_time,8,INCONCLUSIVE,0.0,52000,29,2026-02-05T22:08:10-03:00
C/C++,libressl,c_libraries::libressl::libressl_ecdsa_p256_verify_constant_time,9,INCONCLUSIVE,0.0,6000,4,2026-02-05T22:08:14-03:00
C/C++,libressl,c_libraries::libressl::libressl_ecdsa_p256_verify_constant_time,10,INCONCLUSIVE,0.0,6000,5,2026-02-05T22:08:19-03:00
C/C++,libressl,c_libraries::libressl::libressl_rsa_2048_oaep_decrypt_constant_time,1,INCONCLUSIVE,0.0,3000,4,2026-02-05T22:08:23-03:00
C/C++,libressl,c_libraries::libressl::libressl_rsa_2048_oaep_decrypt_constant_time,2,INCONCLUSIVE,0.0,3000,5,2026-02-05T22:08:28-03:00
C/C++,libressl,c_libraries::libressl::libressl_rsa_2048_oaep_decrypt_constant_time,3,INCONCLUSIVE,0.0,3000,4,2026-02-05T22:08:32-03:00
C/C++,libressl,c_libraries::libressl::libressl_rsa_2048_oaep_decrypt_constant_time,4,INCONCLUSIVE,0.0,3000,4,2026-02-05T22:08:37-03:00
C/C++,libressl,c_libraries::libressl::libressl_rsa_2048_oaep_decrypt_constant_time,5,INCONCLUSIVE,0.0,3000,5,2026-02-05T22:08:42-03:00
C/C++,libressl,c_libraries::libressl::libressl_rsa_2048_oaep_decrypt_constant_time,6,INCONCLUSIVE,0.0,3000,4,2026-02-05T22:08:46-03:00
C/C++,libressl,c_libraries::libressl::libressl_rsa_2048_oaep_decrypt_constant_time,7,INCONCLUSIVE,0.0,3000,4,2026-02-05T22:08:50-03:00
C/C++,libressl,c_libraries::libressl::libressl_rsa_2048_oaep_decrypt_constant_time,8,INCONCLUSIVE,0.0,3000,4,2026-02-05T22:08:54-03:00
C/C++,libressl,c_libraries::libressl::libressl_rsa_2048_oaep_decrypt_constant_time,9,INCONCLUSIVE,0.0,3000,4,2026-02-05T22:08:58-03:00
C/C++,libressl,c_libraries::libressl::libressl_rsa_2048_oaep_decrypt_constant_time,10,INCONCLUSIVE,0.0,3000,5,2026-02-05T22:09:03-03:00
C/C++,libressl,c_libraries::libressl::libressl_rsa_2048_pkcs1v15_decrypt_constant_time,1,INCONCLUSIVE,0.0,3000,5,2026-02-05T22:09:08-03:00
C/C++,libressl,c_libraries::libressl::libressl_rsa_2048_pkcs1v15_decrypt_constant_time,2,INCONCLUSIVE,0.0,3000,4,2026-02-05T22:09:12-03:00
C/C++,libressl,c_libraries::libressl::libressl_rsa_2048_pkcs1v15_decrypt_constant_time,3,INCONCLUSIVE,0.0,3000,5,2026-02-05T22:09:17-03:00
C/C++,libressl,c_libraries::libressl::libressl_rsa_2048_pkcs1v15_decrypt_constant_time,4,INCONCLUSIVE,0.0,3000,4,2026-02-05T22:09:21-03:00
C/C++,libressl,c_libraries::libressl::libressl_rsa_2048_pkcs1v15_decrypt_constant_time,5,INCONCLUSIVE,0.0,3000,5,2026-02-05T22:09:26-03:00
C/C++,libressl,c_libraries::libressl::libressl_rsa_2048_pkcs1v15_decrypt_constant_time,6,INCONCLUSIVE,0.0,3000,4,2026-02-05T22:09:30-03:00
C/C++,libressl,c_libraries::libressl::libressl_rsa_2048_pkcs1v15_decrypt_constant_time,7,INCONCLUSIVE,0.0,3000,5,2026-02-05T22:09:35-03:00
C/C++,libressl,c_libraries::libressl::libressl_rsa_2048_pkcs1v15_decrypt_constant_time,8,INCONCLUSIVE,0.0,3000,4,2026-02-05T22:09:39-03:00
C/C++,libressl,c_libraries::libressl::libressl_rsa_2048_pkcs1v15_decrypt_constant_time,9,INCONCLUSIVE,0.0,3000,4,2026-02-05T22:09:43-03:00
C/C++,libressl,c_libraries::libressl::libressl_rsa_2048_pkcs1v15_decrypt_constant_time,10,INCONCLUSIVE,0.0,3000,4,2026-02-05T22:09:47-03:00
C/C++,libsodium,c_libraries::libsodium::libsodium_crypto_box_decrypt_constant_time,1,PASS,0.5,6000,1,2026-02-05T22:09:48-03:00
C/C++,libsodium,c_libraries::libsodium::libsodium_crypto_box_decrypt_constant_time,2,PASS,0.4,6000,1,2026-02-05T22:09:49-03:00
C/C++,libsodium,c_libraries::libsodium::libsodium_crypto_box_decrypt_constant_time,3,PASS,0.3,6000,0,2026-02-05T22:09:49-03:00
C/C++,libsodium,c_libraries::libsodium::libsodium_crypto_box_decrypt_constant_time,4,INCONCLUSIVE,0.0,6000,1,2026-02-05T22:09:50-03:00
C/C++,libsodium,c_libraries::libsodium::libsodium_crypto_box_decrypt_constant_time,5,PASS,0.4,6000,1,2026-02-05T22:09:51-03:00
C/C++,libsodium,c_libraries::libsodium::libsodium_crypto_box_decrypt_constant_time,6,PASS,0.4,6000,0,2026-02-05T22:09:51-03:00
C/C++,libsodium,c_libraries::libsodium::libsodium_crypto_box_decrypt_constant_time,7,PASS,0.1,6000,1,2026-02-05T22:09:52-03:00
C/C++,libsodium,c_libraries::libsodium::libsodium_crypto_box_decrypt_constant_time,8,PASS,0.1,6000,1,2026-02-05T22:09:53-03:00
C/C++,libsodium,c_libraries::libsodium::libsodium_crypto_box_decrypt_constant_time,9,PASS,0.8,6000,0,2026-02-05T22:09:53-03:00
C/C++,libsodium,c_libraries::libsodium::libsodium_crypto_box_decrypt_constant_time,10,PASS,1.1,6000,1,2026-02-05T22:09:54-03:00
C/C++,libsodium,c_libraries::libsodium::libsodium_crypto_box_encrypt_constant_time,1,PASS,2.7,6000,1,2026-02-05T22:09:55-03:00
C/C++,libsodium,c_libraries::libsodium::libsodium_crypto_box_encrypt_constant_time,2,PASS,1.9,6000,0,2026-02-05T22:09:55-03:00
C/C++,libsodium,c_libraries::libsodium::libsodium_crypto_box_encrypt_constant_time,3,INCONCLUSIVE,0.0,6000,1,2026-02-05T22:09:56-03:00
C/C++,libsodium,c_libraries::libsodium::libsodium_crypto_box_encrypt_constant_time,4,PASS,0.4,6000,1,2026-02-05T22:09:57-03:00
C/C++,libsodium,c_libraries::libsodium::libsodium_crypto_box_encrypt_constant_time,5,PASS,0.4,6000,0,2026-02-05T22:09:57-03:00
C/C++,libsodium,c_libraries::libsodium::libsodium_crypto_box_encrypt_constant_time,6,PASS,0.2,6000,1,2026-02-05T22:09:58-03:00
C/C++,libsodium,c_libraries::libsodium::libsodium_crypto_box_encrypt_constant_time,7,PASS,1.1,6000,1,2026-02-05T22:09:59-03:00
C/C++,libsodium,c_libraries::libsodium::libsodium_crypto_box_encrypt_constant_time,8,PASS,1.7,6000,0,2026-02-05T22:09:59-03:00
C/C++,libsodium,c_libraries::libsodium::libsodium_crypto_box_encrypt_constant_time,9,INCONCLUSIVE,0.0,6000,0,2026-02-05T22:10:00-03:00
C/C++,libsodium,c_libraries::libsodium::libsodium_crypto_box_encrypt_constant_time,10,PASS,1.8,6000,1,2026-02-05T22:10:01-03:00
C/C++,libsodium,c_libraries::libsodium::libsodium_crypto_secretbox_decrypt_constant_time,1,PASS,0.0,6000,0,2026-02-05T22:10:01-03:00
C/C++,libsodium,c_libraries::libsodium::libsodium_crypto_secretbox_decrypt_constant_time,2,PASS,0.1,6000,0,2026-02-05T22:10:01-03:00
C/C++,libsodium,c_libraries::libsodium::libsodium_crypto_secretbox_decrypt_constant_time,3,PASS,0.0,6000,1,2026-02-05T22:10:02-03:00
C/C++,libsodium,c_libraries::libsodium::libsodium_crypto_secretbox_decrypt_constant_time,4,PASS,0.0,6000,0,2026-02-05T22:10:02-03:00
C/C++,libsodium,c_libraries::libsodium::libsodium_crypto_secretbox_decrypt_constant_time,5,PASS,0.1,6000,0,2026-02-05T22:10:02-03:00
C/C++,libsodium,c_libraries::libsodium::libsodium_crypto_secretbox_decrypt_constant_time,6,INCONCLUSIVE,0.0,6000,0,2026-02-05T22:10:02-03:00
C/C++,libsodium,c_libraries::libsodium::libsodium_crypto_secretbox_decrypt_constant_time,7,PASS,0.0,6000,0,2026-02-05T22:10:03-03:00
C/C++,libsodium,c_libraries::libsodium::libsodium_crypto_secretbox_decrypt_constant_time,8,PASS,0.0,6000,0,2026-02-05T22:10:03-03:00
C/C++,libsodium,c_libraries::libsodium::libsodium_crypto_secretbox_decrypt_constant_time,9,INCONCLUSIVE,0.0,6000,0,2026-02-05T22:10:03-03:00
C/C++,libsodium,c_libraries::libsodium::libsodium_crypto_secretbox_decrypt_constant_time,10,INCONCLUSIVE,0.0,6000,1,2026-02-05T22:10:04-03:00
C/C++,libsodium,c_libraries::libsodium::libsodium_crypto_secretbox_encrypt_constant_time,1,INCONCLUSIVE,0.0,8000,0,2026-02-05T22:10:04-03:00
C/C++,libsodium,c_libraries::libsodium::libsodium_crypto_secretbox_encrypt_constant_time,2,INCONCLUSIVE,0.0,7000,0,2026-02-05T22:10:04-03:00
C/C++,libsodium,c_libraries::libsodium::libsodium_crypto_secretbox_encrypt_constant_time,3,PASS,0.0,6000,0,2026-02-05T22:10:04-03:00
C/C++,libsodium,c_libraries::libsodium::libsodium_crypto_secretbox_encrypt_constant_time,4,INCONCLUSIVE,0.0,6000,1,2026-02-05T22:10:05-03:00
C/C++,libsodium,c_libraries::libsodium::libsodium_crypto_secretbox_encrypt_constant_time,5,PASS,0.0,6000,0,2026-02-05T22:10:05-03:00
C/C++,libsodium,c_libraries::libsodium::libsodium_crypto_secretbox_encrypt_constant_time,6,PASS,0.0,6000,0,2026-02-05T22:10:05-03:00
C/C++,libsodium,c_libraries::libsodium::libsodium_crypto_secretbox_encrypt_constant_time,7,PASS,0.0,6000,0,2026-02-05T22:10:05-03:00
C/C++,libsodium,c_libraries::libsodium::libsodium_crypto_secretbox_encrypt_constant_time,8,INCONCLUSIVE,0.0,6000,0,2026-02-05T22:10:06-03:00
C/C++,libsodium,c_libraries::libsodium::libsodium_crypto_secretbox_encrypt_constant_time,9,INCONCLUSIVE,0.0,6000,0,2026-02-05T22:10:06-03:00
C/C++,libsodium,c_libraries::libsodium::libsodium_crypto_secretbox_encrypt_constant_time,10,PASS,0.0,6000,0,2026-02-05T22:10:06-03:00
C/C++,libsodium,c_libraries::libsodium::libsodium_ed25519_sign_constant_time,1,INCONCLUSIVE,0.0,6000,1,2026-02-05T22:10:07-03:00
C/C++,libsodium,c_libraries::libsodium::libsodium_ed25519_sign_constant_time,2,INCONCLUSIVE,0.0,6000,0,2026-02-05T22:10:07-03:00
C/C++,libsodium,c_libraries::libsodium::libsodium_ed25519_sign_constant_time,3,INCONCLUSIVE,0.0,6000,1,2026-02-05T22:10:08-03:00
C/C++,libsodium,c_libraries::libsodium::libsodium_ed25519_sign_constant_time,4,INCONCLUSIVE,0.0,6000,0,2026-02-05T22:10:08-03:00
C/C++,libsodium,c_libraries::libsodium::libsodium_ed25519_sign_constant_time,5,INCONCLUSIVE,0.0,6000,0,2026-02-05T22:10:08-03:00
C/C++,libsodium,c_libraries::libsodium::libsodium_ed25519_sign_constant_time,6,INCONCLUSIVE,0.0,6000,1,2026-02-05T22:10:09-03:00
C/C++,libsodium,c_libraries::libsodium::libsodium_ed25519_sign_constant_time,7,INCONCLUSIVE,0.0,6000,0,2026-02-05T22:10:09-03:00
C/C++,libsodium,c_libraries::libsodium::libsodium_ed25519_sign_constant_time,8,INCONCLUSIVE,0.0,6000,1,2026-02-05T22:10:10-03:00
C/C++,libsodium,c_libraries::libsodium::libsodium_ed25519_sign_constant_time,9,INCONCLUSIVE,0.0,6000,0,2026-02-05T22:10:10-03:00
C/C++,libsodium,c_libraries::libsodium::libsodium_ed25519_sign_constant_time,10,INCONCLUSIVE,0.0,6000,0,2026-02-05T22:10:10-03:00
C/C++,libsodium,c_libraries::libsodium::libsodium_ed25519_verify_constant_time,1,PASS,0.4,6000,0,2026-02-05T22:10:11-03:00
C/C++,libsodium,c_libraries::libsodium::libsodium_ed25519_verify_constant_time,2,PASS,1.4,6000,1,2026-02-05T22:10:12-03:00
C/C++,libsodium,c_libraries::libsodium::libsodium_ed25519_verify_constant_time,3,PASS,1.2,6000,1,2026-02-05T22:10:13-03:00
C/C++,libsodium,c_libraries::libsodium::libsodium_ed25519_verify_constant_time,4,PASS,0.5,6000,1,2026-02-05T22:10:14-03:00
C/C++,libsodium,c_libraries::libsodium::libsodium_ed25519_verify_constant_time,5,PASS,10.0,7000,0,2026-02-05T22:10:14-03:00
C/C++,libsodium,c_libraries::libsodium::libsodium_ed25519_verify_constant_time,6,PASS,0.2,6000,1,2026-02-05T22:10:15-03:00
C/C++,libsodium,c_libraries::libsodium::libsodium_ed25519_verify_constant_time,7,PASS,1.1,6000,1,2026-02-05T22:10:16-03:00
C/C++,libsodium,c_libraries::libsodium::libsodium_ed25519_verify_constant_time,8,PASS,1.5,6000,1,2026-02-05T22:10:17-03:00
C/C++,libsodium,c_libraries::libsodium::libsodium_ed25519_verify_constant_time,9,PASS,1.2,6000,1,2026-02-05T22:10:18-03:00
C/C++,libsodium,c_libraries::libsodium::libsodium_ed25519_verify_constant_time,10,PASS,0.4,6000,0,2026-02-05T22:10:18-03:00
C/C++,libsodium,c_libraries::libsodium::libsodium_x25519_scalar_mult_constant_time,1,INCONCLUSIVE,0.0,6000,1,2026-02-05T22:10:19-03:00
C/C++,libsodium,c_libraries::libsodium::libsodium_x25519_scalar_mult_constant_time,2,INCONCLUSIVE,0.0,6000,1,2026-02-05T22:10:20-03:00
C/C++,libsodium,c_libraries::libsodium::libsodium_x25519_scalar_mult_constant_time,3,INCONCLUSIVE,0.0,6000,0,2026-02-05T22:10:20-03:00
C/C++,libsodium,c_libraries::libsodium::libsodium_x25519_scalar_mult_constant_time,4,INCONCLUSIVE,0.0,6000,1,2026-02-05T22:10:21-03:00
C/C++,libsodium,c_libraries::libsodium::libsodium_x25519_scalar_mult_constant_time,5,INCONCLUSIVE,0.0,6000,0,2026-02-05T22:10:21-03:00
C/C++,libsodium,c_libraries::libsodium::libsodium_x25519_scalar_mult_constant_time,6,INCONCLUSIVE,0.0,6000,1,2026-02-05T22:10:22-03:00
C/C++,libsodium,c_libraries::libsodium::libsodium_x25519_scalar_mult_constant_time,7,INCONCLUSIVE,0.0,6000,1,2026-02-05T22:10:23-03:00
C/C++,libsodium,c_libraries::libsodium::libsodium_x25519_scalar_mult_constant_time,8,INCONCLUSIVE,0.0,6000,0,2026-02-05T22:10:23-03:00
C/C++,libsodium,c_libraries::libsodium::libsodium_x25519_scalar_mult_constant_time,9,INCONCLUSIVE,0.0,6000,1,2026-02-05T22:10:24-03:00
C/C++,libsodium,c_libraries::libsodium::libsodium_x25519_scalar_mult_constant_time,10,INCONCLUSIVE,0.0,6000,0,2026-02-05T22:10:24-03:00
Rust,dalek,dalek::x25519::x25519_byte_pattern_independence,1,PASS,0.9,6000,1,2026-02-05T22:10:25-03:00
Rust,dalek,dalek::x25519::x25519_byte_pattern_independence,2,PASS,0.0,6000,1,2026-02-05T22:10:26-03:00
Rust,dalek,dalek::x25519::x25519_byte_pattern_independence,3,PASS,0.1,6000,0,2026-02-05T22:10:26-03:00
Rust,dalek,dalek::x25519::x25519_byte_pattern_independence,4,PASS,6.1,6000,1,2026-02-05T22:10:27-03:00
Rust,dalek,dalek::x25519::x25519_byte_pattern_independence,5,PASS,1.1,6000,1,2026-02-05T22:10:28-03:00
Rust,dalek,dalek::x25519::x25519_byte_pattern_independence,6,INCONCLUSIVE,0.0,0,1,2026-02-05T22:10:29-03:00
Rust,dalek,dalek::x25519::x25519_byte_pattern_independence,7,PASS,0.3,6000,1,2026-02-05T22:10:30-03:00
Rust,dalek,dalek::x25519::x25519_byte_pattern_independence,8,PASS,0.2,6000,0,2026-02-05T22:10:30-03:00
Rust,dalek,dalek::x25519::x25519_byte_pattern_independence,9,PASS,0.3,6000,1,2026-02-05T22:10:31-03:00
Rust,dalek,dalek::x25519::x25519_byte_pattern_independence,10,INCONCLUSIVE,0.0,0,1,2026-02-05T22:10:32-03:00
Rust,dalek,dalek::x25519::x25519_different_basepoints_constant_time,1,PASS,0.4,6000,1,2026-02-05T22:10:33-03:00
Rust,dalek,dalek::x25519::x25519_different_basepoints_constant_time,2,INCONCLUSIVE,0.0,0,1,2026-02-05T22:10:34-03:00
Rust,dalek,dalek::x25519::x25519_different_basepoints_constant_time,3,PASS,1.1,6000,1,2026-02-05T22:10:35-03:00
Rust,dalek,dalek::x25519::x25519_different_basepoints_constant_time,4,PASS,0.4,6000,0,2026-02-05T22:10:35-03:00
Rust,dalek,dalek::x25519::x25519_different_basepoints_constant_time,5,PASS,2.8,6000,1,2026-02-05T22:10:36-03:00
Rust,dalek,dalek::x25519::x25519_different_basepoints_constant_time,6,INCONCLUSIVE,0.0,0,1,2026-02-05T22:10:37-03:00
Rust,dalek,dalek::x25519::x25519_different_basepoints_constant_time,7,PASS,1.1,6000,1,2026-02-05T22:10:38-03:00
Rust,dalek,dalek::x25519::x25519_different_basepoints_constant_time,8,PASS,6.8,6000,1,2026-02-05T22:10:39-03:00
Rust,dalek,dalek::x25519::x25519_different_basepoints_constant_time,9,PASS,0.3,6000,0,2026-02-05T22:10:39-03:00
Rust,dalek,dalek::x25519::x25519_different_basepoints_constant_time,10,PASS,7.6,6000,1,2026-02-05T22:10:40-03:00
Rust,dalek,dalek::x25519::x25519_ecdh_exchange_constant_time,1,INCONCLUSIVE,0.0,0,1,2026-02-05T22:10:41-03:00
Rust,dalek,dalek::x25519::x25519_ecdh_exchange_constant_time,2,PASS,3.3,6000,1,2026-02-05T22:10:42-03:00
Rust,dalek,dalek::x25519::x25519_ecdh_exchange_constant_time,3,PASS,0.4,6000,0,2026-02-05T22:10:42-03:00
Rust,dalek,dalek::x25519::x25519_ecdh_exchange_constant_time,4,PASS,0.1,6000,1,2026-02-05T22:10:43-03:00
Rust,dalek,dalek::x25519::x25519_ecdh_exchange_constant_time,5,PASS,0.1,6000,1,2026-02-05T22:10:44-03:00
Rust,dalek,dalek::x25519::x25519_ecdh_exchange_constant_time,6,PASS,0.4,6000,1,2026-02-05T22:10:45-03:00
Rust,dalek,dalek::x25519::x25519_ecdh_exchange_constant_time,7,PASS,0.5,6000,1,2026-02-05T22:10:46-03:00
Rust,dalek,dalek::x25519::x25519_ecdh_exchange_constant_time,8,PASS,0.1,6000,0,2026-02-05T22:10:46-03:00
Rust,dalek,dalek::x25519::x25519_ecdh_exchange_constant_time,9,PASS,0.2,6000,1,2026-02-05T22:10:47-03:00
Rust,dalek,dalek::x25519::x25519_ecdh_exchange_constant_time,10,INCONCLUSIVE,0.0,0,1,2026-02-05T22:10:48-03:00
Rust,dalek,dalek::x25519::x25519_hamming_weight_independence,1,PASS,0.2,6000,1,2026-02-05T22:10:49-03:00
Rust,dalek,dalek::x25519::x25519_hamming_weight_independence,2,INCONCLUSIVE,0.0,0,1,2026-02-05T22:10:50-03:00
Rust,dalek,dalek::x25519::x25519_hamming_weight_independence,3,INCONCLUSIVE,0.0,0,0,2026-02-05T22:10:50-03:00
Rust,dalek,dalek::x25519::x25519_hamming_weight_independence,4,INCONCLUSIVE,0.0,0,1,2026-02-05T22:10:51-03:00
Rust,dalek,dalek::x25519::x25519_hamming_weight_independence,5,PASS,0.8,6000,1,2026-02-05T22:10:52-03:00
Rust,dalek,dalek::x25519::x25519_hamming_weight_independence,6,PASS,0.7,6000,1,2026-02-05T22:10:53-03:00
Rust,dalek,dalek::x25519::x25519_hamming_weight_independence,7,PASS,7.0,6000,1,2026-02-05T22:10:54-03:00
Rust,dalek,dalek::x25519::x25519_hamming_weight_independence,8,INCONCLUSIVE,0.0,0,0,2026-02-05T22:10:54-03:00
Rust,dalek,dalek::x25519::x25519_hamming_weight_independence,9,PASS,0.8,6000,1,2026-02-05T22:10:55-03:00
Rust,dalek,dalek::x25519::x25519_hamming_weight_independence,10,PASS,0.5,6000,1,2026-02-05T22:10:56-03:00
Rust,dalek,dalek::x25519::x25519_multiple_operations_constant_time,1,INCONCLUSIVE,0.0,0,2,2026-02-05T22:10:58-03:00
Rust,dalek,dalek::x25519::x25519_multiple_operations_constant_time,2,INCONCLUSIVE,0.0,0,1,2026-02-05T22:10:59-03:00
Rust,dalek,dalek::x25519::x25519_multiple_operations_constant_time,3,INCONCLUSIVE,0.0,0,1,2026-02-05T22:11:01-03:00
Rust,dalek,dalek::x25519::x25519_multiple_operations_constant_time,4,INCONCLUSIVE,0.0,0,2,2026-02-05T22:11:03-03:00
Rust,dalek,dalek::x25519::x25519_multiple_operations_constant_time,5,INCONCLUSIVE,0.0,0,2,2026-02-05T22:11:05-03:00
Rust,dalek,dalek::x25519::x25519_multiple_operations_constant_time,6,INCONCLUSIVE,0.0,0,2,2026-02-05T22:11:07-03:00
Rust,dalek,dalek::x25519::x25519_multiple_operations_constant_time,7,INCONCLUSIVE,0.0,0,1,2026-02-05T22:11:08-03:00
Rust,dalek,dalek::x25519::x25519_multiple_operations_constant_time,8,PASS,0.4,6000,2,2026-02-05T22:11:10-03:00
Rust,dalek,dalek::x25519::x25519_multiple_operations_constant_time,9,INCONCLUSIVE,0.0,0,2,2026-02-05T22:11:12-03:00
Rust,dalek,dalek::x25519::x25519_multiple_operations_constant_time,10,INCONCLUSIVE,0.0,0,2,2026-02-05T22:11:14-03:00
Rust,dalek,dalek::x25519::x25519_scalar_clamping_constant_time,1,PASS,1.0,6000,0,2026-02-05T22:11:14-03:00
Rust,dalek,dalek::x25519::x25519_scalar_clamping_constant_time,2,PASS,0.2,6000,1,2026-02-05T22:11:15-03:00
Rust,dalek,dalek::x25519::x25519_scalar_clamping_constant_time,3,PASS,0.1,6000,1,2026-02-05T22:11:16-03:00
Rust,dalek,dalek::x25519::x25519_scalar_clamping_constant_time,4,PASS,0.7,6000,1,2026-02-05T22:11:17-03:00
Rust,dalek,dalek::x25519::x25519_scalar_clamping_constant_time,5,PASS,0.4,6000,1,2026-02-05T22:11:18-03:00
Rust,dalek,dalek::x25519::x25519_scalar_clamping_constant_time,6,PASS,0.2,6000,0,2026-02-05T22:11:18-03:00
Rust,dalek,dalek::x25519::x25519_scalar_clamping_constant_time,7,PASS,1.5,6000,1,2026-02-05T22:11:19-03:00
Rust,dalek,dalek::x25519::x25519_scalar_clamping_constant_time,8,PASS,1.5,6000,1,2026-02-05T22:11:20-03:00
Rust,dalek,dalek::x25519::x25519_scalar_clamping_constant_time,9,INCONCLUSIVE,0.0,0,1,2026-02-05T22:11:21-03:00
Rust,dalek,dalek::x25519::x25519_scalar_clamping_constant_time,10,PASS,0.5,6000,1,2026-02-05T22:11:22-03:00
Rust,dalek,dalek::x25519::x25519_scalar_mult_constant_time,1,PASS,0.6,6000,0,2026-02-05T22:11:22-03:00
Rust,dalek,dalek::x25519::x25519_scalar_mult_constant_time,2,PASS,2.0,6000,1,2026-02-05T22:11:23-03:00
Rust,dalek,dalek::x25519::x25519_scalar_mult_constant_time,3,INCONCLUSIVE,0.0,0,1,2026-02-05T22:11:24-03:00
Rust,dalek,dalek::x25519::x25519_scalar_mult_constant_time,4,PASS,4.7,6000,1,2026-02-05T22:11:25-03:00
Rust,dalek,dalek::x25519::x25519_scalar_mult_constant_time,5,PASS,4.5,6000,1,2026-02-05T22:11:26-03:00
Rust,dalek,dalek::x25519::x25519_scalar_mult_constant_time,6,PASS,0.4,6000,0,2026-02-05T22:11:26-03:00
Rust,dalek,dalek::x25519::x25519_scalar_mult_constant_time,7,PASS,7.8,6000,1,2026-02-05T22:11:27-03:00
Rust,dalek,dalek::x25519::x25519_scalar_mult_constant_time,8,INCONCLUSIVE,0.0,0,1,2026-02-05T22:11:28-03:00
Rust,dalek,dalek::x25519::x25519_scalar_mult_constant_time,9,PASS,0.4,6000,1,2026-02-05T22:11:29-03:00
Rust,dalek,dalek::x25519::x25519_scalar_mult_constant_time,10,PASS,0.4,6000,1,2026-02-05T22:11:30-03:00
Rust,pqcrypto,pqcrypto::dilithium::pqcrypto_dilithium3_keypair_ct,1,INCONCLUSIVE,0.0,6000,0,2026-02-05T22:11:30-03:00
Rust,pqcrypto,pqcrypto::dilithium::pqcrypto_dilithium3_keypair_ct,2,INCONCLUSIVE,0.0,6000,1,2026-02-05T22:11:31-03:00
Rust,pqcrypto,pqcrypto::dilithium::pqcrypto_dilithium3_keypair_ct,3,INCONCLUSIVE,0.0,6000,1,2026-02-05T22:11:32-03:00
Rust,pqcrypto,pqcrypto::dilithium::pqcrypto_dilithium3_keypair_ct,4,INCONCLUSIVE,0.0,6000,0,2026-02-05T22:11:32-03:00
Rust,pqcrypto,pqcrypto::dilithium::pqcrypto_dilithium3_keypair_ct,5,INCONCLUSIVE,0.0,6000,1,2026-02-05T22:11:33-03:00
Rust,pqcrypto,pqcrypto::dilithium::pqcrypto_dilithium3_keypair_ct,6,INCONCLUSIVE,0.0,6000,1,2026-02-05T22:11:34-03:00
Rust,pqcrypto,pqcrypto::dilithium::pqcrypto_dilithium3_keypair_ct,7,INCONCLUSIVE,0.0,6000,1,2026-02-05T22:11:35-03:00
Rust,pqcrypto,pqcrypto::dilithium::pqcrypto_dilithium3_keypair_ct,8,INCONCLUSIVE,0.0,6000,0,2026-02-05T22:11:35-03:00
Rust,pqcrypto,pqcrypto::dilithium::pqcrypto_dilithium3_keypair_ct,9,INCONCLUSIVE,0.0,6000,1,2026-02-05T22:11:36-03:00
Rust,pqcrypto,pqcrypto::dilithium::pqcrypto_dilithium3_keypair_ct,10,INCONCLUSIVE,0.0,6000,1,2026-02-05T22:11:37-03:00
Rust,pqcrypto,pqcrypto::dilithium::pqcrypto_dilithium3_message_hamming,1,INCONCLUSIVE,0.0,6000,1,2026-02-05T22:11:38-03:00
Rust,pqcrypto,pqcrypto::dilithium::pqcrypto_dilithium3_message_hamming,2,INCONCLUSIVE,100.0,6000,1,2026-02-05T22:11:39-03:00
Rust,pqcrypto,pqcrypto::dilithium::pqcrypto_dilithium3_message_hamming,3,INCONCLUSIVE,100.0,6000,1,2026-02-05T22:11:40-03:00
Rust,pqcrypto,pqcrypto::dilithium::pqcrypto_dilithium3_message_hamming,4,INCONCLUSIVE,0.0,6000,1,2026-02-05T22:11:41-03:00
Rust,pqcrypto,pqcrypto::dilithium::pqcrypto_dilithium3_message_hamming,5,INCONCLUSIVE,0.0,6000,2,2026-02-05T22:11:43-03:00
Rust,pqcrypto,pqcrypto::dilithium::pqcrypto_dilithium3_message_hamming,6,INCONCLUSIVE,0.0,6000,3,2026-02-05T22:11:46-03:00
Rust,pqcrypto,pqcrypto::dilithium::pqcrypto_dilithium3_message_hamming,7,INCONCLUSIVE,100.0,6000,1,2026-02-05T22:11:47-03:00
Rust,pqcrypto,pqcrypto::dilithium::pqcrypto_dilithium3_message_hamming,8,INCONCLUSIVE,100.0,6000,1,2026-02-05T22:11:48-03:00
Rust,pqcrypto,pqcrypto::dilithium::pqcrypto_dilithium3_message_hamming,9,INCONCLUSIVE,100.0,6000,1,2026-02-05T22:11:49-03:00
Rust,pqcrypto,pqcrypto::dilithium::pqcrypto_dilithium3_message_hamming,10,INCONCLUSIVE,100.0,6000,1,2026-02-05T22:11:50-03:00
Rust,pqcrypto,pqcrypto::dilithium::pqcrypto_dilithium3_sign_ct,1,INCONCLUSIVE,0.0,6000,1,2026-02-05T22:11:51-03:00
Rust,pqcrypto,pqcrypto::dilithium::pqcrypto_dilithium3_sign_ct,2,INCONCLUSIVE,0.0,6000,0,2026-02-05T22:11:51-03:00
Rust,pqcrypto,pqcrypto::dilithium::pqcrypto_dilithium3_sign_ct,3,INCONCLUSIVE,0.0,6000,2,2026-02-05T22:11:53-03:00
Rust,pqcrypto,pqcrypto::dilithium::pqcrypto_dilithium3_sign_ct,4,INCONCLUSIVE,0.0,6000,1,2026-02-05T22:11:54-03:00
Rust,pqcrypto,pqcrypto::dilithium::pqcrypto_dilithium3_sign_ct,5,INCONCLUSIVE,0.0,6000,2,2026-02-05T22:11:56-03:00
Rust,pqcrypto,pqcrypto::dilithium::pqcrypto_dilithium3_sign_ct,6,INCONCLUSIVE,0.0,6000,1,2026-02-05T22:11:57-03:00
Rust,pqcrypto,pqcrypto::dilithium::pqcrypto_dilithium3_sign_ct,7,INCONCLUSIVE,0.0,6000,1,2026-02-05T22:11:58-03:00
Rust,pqcrypto,pqcrypto::dilithium::pqcrypto_dilithium3_sign_ct,8,INCONCLUSIVE,0.0,6000,1,2026-02-05T22:11:59-03:00
Rust,pqcrypto,pqcrypto::dilithium::pqcrypto_dilithium3_sign_ct,9,INCONCLUSIVE,0.0,6000,2,2026-02-05T22:12:01-03:00
Rust,pqcrypto,pqcrypto::dilithium::pqcrypto_dilithium3_sign_ct,10,INCONCLUSIVE,0.0,6000,1,2026-02-05T22:12:02-03:00
Rust,pqcrypto,pqcrypto::falcon::pqcrypto_falcon512_sign_ct,1,INCONCLUSIVE,0.0,6000,2,2026-02-05T22:12:04-03:00
Rust,pqcrypto,pqcrypto::falcon::pqcrypto_falcon512_sign_ct,2,INCONCLUSIVE,0.0,6000,3,2026-02-05T22:12:07-03:00
Rust,pqcrypto,pqcrypto::falcon::pqcrypto_falcon512_sign_ct,3,INCONCLUSIVE,0.0,6000,2,2026-02-05T22:12:09-03:00
Rust,pqcrypto,pqcrypto::falcon::pqcrypto_falcon512_sign_ct,4,INCONCLUSIVE,0.0,6000,2,2026-02-05T22:12:12-03:00
Rust,pqcrypto,pqcrypto::falcon::pqcrypto_falcon512_sign_ct,5,INCONCLUSIVE,0.0,6000,3,2026-02-05T22:12:15-03:00
Rust,pqcrypto,pqcrypto::falcon::pqcrypto_falcon512_sign_ct,6,INCONCLUSIVE,0.0,6000,2,2026-02-05T22:12:17-03:00
Rust,pqcrypto,pqcrypto::falcon::pqcrypto_falcon512_sign_ct,7,INCONCLUSIVE,0.0,6000,3,2026-02-05T22:12:20-03:00
Rust,pqcrypto,pqcrypto::falcon::pqcrypto_falcon512_sign_ct,8,INCONCLUSIVE,0.0,6000,2,2026-02-05T22:12:22-03:00
Rust,pqcrypto,pqcrypto::falcon::pqcrypto_falcon512_sign_ct,9,INCONCLUSIVE,0.0,6000,3,2026-02-05T22:12:25-03:00
Rust,pqcrypto,pqcrypto::falcon::pqcrypto_falcon512_sign_ct,10,INCONCLUSIVE,0.0,6000,2,2026-02-05T22:12:27-03:00
Rust,pqcrypto,pqcrypto::falcon::pqcrypto_falcon512_verify_ct,1,INCONCLUSIVE,100.0,6000,1,2026-02-05T22:12:28-03:00
Rust,pqcrypto,pqcrypto::falcon::pqcrypto_falcon512_verify_ct,2,INCONCLUSIVE,100.0,6000,1,2026-02-05T22:12:29-03:00
Rust,pqcrypto,pqcrypto::falcon::pqcrypto_falcon512_verify_ct,3,INCONCLUSIVE,100.0,6000,1,2026-02-05T22:12:30-03:00
Rust,pqcrypto,pqcrypto::falcon::pqcrypto_falcon512_verify_ct,4,INCONCLUSIVE,100.0,6000,1,2026-02-05T22:12:31-03:00
Rust,pqcrypto,pqcrypto::falcon::pqcrypto_falcon512_verify_ct,5,INCONCLUSIVE,0.0,6000,1,2026-02-05T22:12:32-03:00
Rust,pqcrypto,pqcrypto::falcon::pqcrypto_falcon512_verify_ct,6,INCONCLUSIVE,100.0,6000,2,2026-02-05T22:12:34-03:00
Rust,pqcrypto,pqcrypto::falcon::pqcrypto_falcon512_verify_ct,7,INCONCLUSIVE,100.0,6000,1,2026-02-05T22:12:35-03:00
Rust,pqcrypto,pqcrypto::falcon::pqcrypto_falcon512_verify_ct,8,INCONCLUSIVE,100.0,6000,1,2026-02-05T22:12:36-03:00
Rust,pqcrypto,pqcrypto::falcon::pqcrypto_falcon512_verify_ct,9,INCONCLUSIVE,100.0,6000,1,2026-02-05T22:12:37-03:00
Rust,pqcrypto,pqcrypto::falcon::pqcrypto_falcon512_verify_ct,10,INCONCLUSIVE,0.0,6000,1,2026-02-05T22:12:38-03:00
Rust,pqcrypto,pqcrypto::kyber::pqcrypto_kyber768_ciphertext_independence,1,INCONCLUSIVE,0.0,6000,0,2026-02-05T22:12:38-03:00
Rust,pqcrypto,pqcrypto::kyber::pqcrypto_kyber768_ciphertext_independence,2,INCONCLUSIVE,0.0,6000,1,2026-02-05T22:12:39-03:00
Rust,pqcrypto,pqcrypto::kyber::pqcrypto_kyber768_ciphertext_independence,3,INCONCLUSIVE,0.0,6000,1,2026-02-05T22:12:40-03:00
Rust,pqcrypto,pqcrypto::kyber::pqcrypto_kyber768_ciphertext_independence,4,INCONCLUSIVE,0.0,6000,0,2026-02-05T22:12:40-03:00
Rust,pqcrypto,pqcrypto::kyber::pqcrypto_kyber768_ciphertext_independence,5,INCONCLUSIVE,0.0,6000,1,2026-02-05T22:12:41-03:00
Rust,pqcrypto,pqcrypto::kyber::pqcrypto_kyber768_ciphertext_independence,6,INCONCLUSIVE,0.0,6000,0,2026-02-05T22:12:41-03:00
Rust,pqcrypto,pqcrypto::kyber::pqcrypto_kyber768_ciphertext_independence,7,INCONCLUSIVE,0.0,6000,0,2026-02-05T22:12:42-03:00
Rust,pqcrypto,pqcrypto::kyber::pqcrypto_kyber768_ciphertext_independence,8,INCONCLUSIVE,0.0,6000,1,2026-02-05T22:12:43-03:00
Rust,pqcrypto,pqcrypto::kyber::pqcrypto_kyber768_ciphertext_independence,9,INCONCLUSIVE,0.0,6000,0,2026-02-05T22:12:43-03:00
Rust,pqcrypto,pqcrypto::kyber::pqcrypto_kyber768_ciphertext_independence,10,INCONCLUSIVE,0.0,6000,1,2026-02-05T22:12:44-03:00
Rust,pqcrypto,pqcrypto::kyber::pqcrypto_kyber768_decapsulate_ct,1,INCONCLUSIVE,0.0,6000,1,2026-02-05T22:12:45-03:00
Rust,pqcrypto,pqcrypto::kyber::pqcrypto_kyber768_decapsulate_ct,2,INCONCLUSIVE,0.0,6000,0,2026-02-05T22:12:45-03:00
Rust,pqcrypto,pqcrypto::kyber::pqcrypto_kyber768_decapsulate_ct,3,INCONCLUSIVE,0.0,6000,1,2026-02-05T22:12:46-03:00
Rust,pqcrypto,pqcrypto::kyber::pqcrypto_kyber768_decapsulate_ct,4,INCONCLUSIVE,0.0,6000,0,2026-02-05T22:12:46-03:00
Rust,pqcrypto,pqcrypto::kyber::pqcrypto_kyber768_decapsulate_ct,5,INCONCLUSIVE,0.0,6000,0,2026-02-05T22:12:46-03:00
Rust,pqcrypto,pqcrypto::kyber::pqcrypto_kyber768_decapsulate_ct,6,INCONCLUSIVE,0.0,6000,0,2026-02-05T22:12:47-03:00
Rust,pqcrypto,pqcrypto::kyber::pqcrypto_kyber768_decapsulate_ct,7,INCONCLUSIVE,0.0,6000,0,2026-02-05T22:12:47-03:00
Rust,pqcrypto,pqcrypto::kyber::pqcrypto_kyber768_decapsulate_ct,8,INCONCLUSIVE,0.0,6000,1,2026-02-05T22:12:48-03:00
Rust,pqcrypto,pqcrypto::kyber::pqcrypto_kyber768_decapsulate_ct,9,INCONCLUSIVE,0.0,6000,0,2026-02-05T22:12:48-03:00
Rust,pqcrypto,pqcrypto::kyber::pqcrypto_kyber768_decapsulate_ct,10,INCONCLUSIVE,0.0,6000,1,2026-02-05T22:12:49-03:00
Rust,pqcrypto,pqcrypto::kyber::pqcrypto_kyber768_encapsulate_ct,1,INCONCLUSIVE,0.0,6000,1,2026-02-05T22:12:50-03:00
Rust,pqcrypto,pqcrypto::kyber::pqcrypto_kyber768_encapsulate_ct,2,INCONCLUSIVE,0.0,6000,0,2026-02-05T22:12:50-03:00
Rust,pqcrypto,pqcrypto::kyber::pqcrypto_kyber768_encapsulate_ct,3,INCONCLUSIVE,0.0,6000,1,2026-02-05T22:12:51-03:00
Rust,pqcrypto,pqcrypto::kyber::pqcrypto_kyber768_encapsulate_ct,4,INCONCLUSIVE,0.0,6000,0,2026-02-05T22:12:51-03:00
Rust,pqcrypto,pqcrypto::kyber::pqcrypto_kyber768_encapsulate_ct,5,INCONCLUSIVE,0.0,6000,1,2026-02-05T22:12:52-03:00
Rust,pqcrypto,pqcrypto::kyber::pqcrypto_kyber768_encapsulate_ct,6,INCONCLUSIVE,0.0,6000,0,2026-02-05T22:12:52-03:00
Rust,pqcrypto,pqcrypto::kyber::pqcrypto_kyber768_encapsulate_ct,7,INCONCLUSIVE,0.0,6000,1,2026-02-05T22:12:53-03:00
Rust,pqcrypto,pqcrypto::kyber::pqcrypto_kyber768_encapsulate_ct,8,INCONCLUSIVE,0.0,6000,1,2026-02-05T22:12:54-03:00
Rust,pqcrypto,pqcrypto::kyber::pqcrypto_kyber768_encapsulate_ct,9,INCONCLUSIVE,0.0,6000,0,2026-02-05T22:12:54-03:00
Rust,pqcrypto,pqcrypto::kyber::pqcrypto_kyber768_encapsulate_ct,10,INCONCLUSIVE,0.0,6000,1,2026-02-05T22:12:55-03:00
Rust,pqcrypto,pqcrypto::kyber::pqcrypto_kyber768_keypair_ct,1,INCONCLUSIVE,0.0,6000,0,2026-02-05T22:12:55-03:00
Rust,pqcrypto,pqcrypto::kyber::pqcrypto_kyber768_keypair_ct,2,INCONCLUSIVE,0.0,6000,1,2026-02-05T22:12:56-03:00
Rust,pqcrypto,pqcrypto::kyber::pqcrypto_kyber768_keypair_ct,3,INCONCLUSIVE,0.0,6000,0,2026-02-05T22:12:56-03:00
Rust,pqcrypto,pqcrypto::kyber::pqcrypto_kyber768_keypair_ct,4,INCONCLUSIVE,0.0,6000,0,2026-02-05T22:12:56-03:00
Rust,pqcrypto,pqcrypto::kyber::pqcrypto_kyber768_keypair_ct,5,INCONCLUSIVE,0.0,6000,1,2026-02-05T22:12:57-03:00
Rust,pqcrypto,pqcrypto::kyber::pqcrypto_kyber768_keypair_ct,6,INCONCLUSIVE,0.0,6000,0,2026-02-05T22:12:57-03:00
Rust,pqcrypto,pqcrypto::kyber::pqcrypto_kyber768_keypair_ct,7,INCONCLUSIVE,0.0,6000,1,2026-02-05T22:12:58-03:00
Rust,pqcrypto,pqcrypto::kyber::pqcrypto_kyber768_keypair_ct,8,INCONCLUSIVE,0.0,6000,0,2026-02-05T22:12:58-03:00
Rust,pqcrypto,pqcrypto::kyber::pqcrypto_kyber768_keypair_ct,9,INCONCLUSIVE,0.0,6000,0,2026-02-05T22:12:58-03:00
Rust,pqcrypto,pqcrypto::kyber::pqcrypto_kyber768_keypair_ct,10,INCONCLUSIVE,0.0,6000,1,2026-02-05T22:12:59-03:00
Rust,pqcrypto,pqcrypto::sphincs::pqcrypto_sphincs_sha2_128f_sign_ct,1,INCONCLUSIVE,0.0,0,0,2026-02-05T22:12:59-03:00
Rust,pqcrypto,pqcrypto::sphincs::pqcrypto_sphincs_sha2_128f_sign_ct,2,INCONCLUSIVE,0.0,0,0,2026-02-05T22:12:59-03:00
Rust,pqcrypto,pqcrypto::sphincs::pqcrypto_sphincs_sha2_128f_sign_ct,3,INCONCLUSIVE,0.0,0,0,2026-02-05T22:12:59-03:00
Rust,pqcrypto,pqcrypto::sphincs::pqcrypto_sphincs_sha2_128f_sign_ct,4,INCONCLUSIVE,0.0,0,0,2026-02-05T22:12:59-03:00
Rust,pqcrypto,pqcrypto::sphincs::pqcrypto_sphincs_sha2_128f_sign_ct,5,INCONCLUSIVE,0.0,0,0,2026-02-05T22:12:59-03:00
Rust,pqcrypto,pqcrypto::sphincs::pqcrypto_sphincs_sha2_128f_sign_ct,6,INCONCLUSIVE,0.0,0,0,2026-02-05T22:12:59-03:00
Rust,pqcrypto,pqcrypto::sphincs::pqcrypto_sphincs_sha2_128f_sign_ct,7,INCONCLUSIVE,0.0,0,0,2026-02-05T22:12:59-03:00
Rust,pqcrypto,pqcrypto::sphincs::pqcrypto_sphincs_sha2_128f_sign_ct,8,INCONCLUSIVE,0.0,0,0,2026-02-05T22:12:59-03:00
Rust,pqcrypto,pqcrypto::sphincs::pqcrypto_sphincs_sha2_128f_sign_ct,9,INCONCLUSIVE,0.0,0,0,2026-02-05T22:12:59-03:00
Rust,pqcrypto,pqcrypto::sphincs::pqcrypto_sphincs_sha2_128f_sign_ct,10,INCONCLUSIVE,0.0,0,0,2026-02-05T22:12:59-03:00
Rust,pqcrypto,pqcrypto::sphincs::pqcrypto_sphincs_sha2_128f_verify_ct,1,INCONCLUSIVE,0.0,0,0,2026-02-05T22:12:59-03:00
Rust,pqcrypto,pqcrypto::sphincs::pqcrypto_sphincs_sha2_128f_verify_ct,2,INCONCLUSIVE,0.0,0,0,2026-02-05T22:13:00-03:00
Rust,pqcrypto,pqcrypto::sphincs::pqcrypto_sphincs_sha2_128f_verify_ct,3,INCONCLUSIVE,0.0,0,0,2026-02-05T22:13:00-03:00
Rust,pqcrypto,pqcrypto::sphincs::pqcrypto_sphincs_sha2_128f_verify_ct,4,INCONCLUSIVE,0.0,0,0,2026-02-05T22:13:00-03:00
Rust,pqcrypto,pqcrypto::sphincs::pqcrypto_sphincs_sha2_128f_verify_ct,5,INCONCLUSIVE,0.0,0,0,2026-02-05T22:13:00-03:00
Rust,pqcrypto,pqcrypto::sphincs::pqcrypto_sphincs_sha2_128f_verify_ct,6,INCONCLUSIVE,0.0,0,0,2026-02-05T22:13:00-03:00
Rust,pqcrypto,pqcrypto::sphincs::pqcrypto_sphincs_sha2_128f_verify_ct,7,INCONCLUSIVE,0.0,0,0,2026-02-05T22:13:00-03:00
Rust,pqcrypto,pqcrypto::sphincs::pqcrypto_sphincs_sha2_128f_verify_ct,8,INCONCLUSIVE,0.0,0,0,2026-02-05T22:13:00-03:00
Rust,pqcrypto,pqcrypto::sphincs::pqcrypto_sphincs_sha2_128f_verify_ct,9,INCONCLUSIVE,0.0,0,0,2026-02-05T22:13:00-03:00
Rust,pqcrypto,pqcrypto::sphincs::pqcrypto_sphincs_sha2_128f_verify_ct,10,INCONCLUSIVE,0.0,0,0,2026-02-05T22:13:00-03:00
Rust,ring,ring::aes_gcm::ring_aes256gcm_decrypt_ct,1,PASS,0.0,6000,0,2026-02-05T22:13:00-03:00
Rust,ring,ring::aes_gcm::ring_aes256gcm_decrypt_ct,2,PASS,0.0,6000,1,2026-02-05T22:13:01-03:00
Rust,ring,ring::aes_gcm::ring_aes256gcm_decrypt_ct,3,PASS,0.0,6000,0,2026-02-05T22:13:01-03:00
Rust,ring,ring::aes_gcm::ring_aes256gcm_decrypt_ct,4,PASS,0.0,6000,0,2026-02-05T22:13:01-03:00
Rust,ring,ring::aes_gcm::ring_aes256gcm_decrypt_ct,5,PASS,0.0,6000,0,2026-02-05T22:13:01-03:00
Rust,ring,ring::aes_gcm::ring_aes256gcm_decrypt_ct,6,PASS,0.0,6000,1,2026-02-05T22:13:02-03:00
Rust,ring,ring::aes_gcm::ring_aes256gcm_decrypt_ct,7,PASS,0.0,6000,0,2026-02-05T22:13:02-03:00
Rust,ring,ring::aes_gcm::ring_aes256gcm_decrypt_ct,8,PASS,0.0,6000,0,2026-02-05T22:13:02-03:00
Rust,ring,ring::aes_gcm::ring_aes256gcm_decrypt_ct,9,PASS,0.0,6000,0,2026-02-05T22:13:02-03:00
Rust,ring,ring::aes_gcm::ring_aes256gcm_decrypt_ct,10,PASS,0.0,6000,0,2026-02-05T22:13:03-03:00
Rust,ring,ring::aes_gcm::ring_aes256gcm_encrypt_ct,1,PASS,0.0,6000,0,2026-02-05T22:13:03-03:00
Rust,ring,ring::aes_gcm::ring_aes256gcm_encrypt_ct,2,PASS,0.0,6000,0,2026-02-05T22:13:03-03:00
Rust,ring,ring::aes_gcm::ring_aes256gcm_encrypt_ct,3,PASS,0.0,6000,1,2026-02-05T22:13:04-03:00
Rust,ring,ring::aes_gcm::ring_aes256gcm_encrypt_ct,4,PASS,0.0,6000,0,2026-02-05T22:13:04-03:00
Rust,ring,ring::aes_gcm::ring_aes256gcm_encrypt_ct,5,PASS,0.0,6000,0,2026-02-05T22:13:04-03:00
Rust,ring,ring::aes_gcm::ring_aes256gcm_encrypt_ct,6,PASS,0.0,6000,0,2026-02-05T22:13:04-03:00
Rust,ring,ring::aes_gcm::ring_aes256gcm_encrypt_ct,7,PASS,0.0,6000,1,2026-02-05T22:13:05-03:00
Rust,ring,ring::aes_gcm::ring_aes256gcm_encrypt_ct,8,PASS,0.0,6000,0,2026-02-05T22:13:05-03:00
Rust,ring,ring::aes_gcm::ring_aes256gcm_encrypt_ct,9,PASS,0.0,6000,0,2026-02-05T22:13:05-03:00
Rust,ring,ring::aes_gcm::ring_aes256gcm_encrypt_ct,10,PASS,0.0,6000,0,2026-02-05T22:13:05-03:00
Rust,ring,ring::aes_gcm::ring_aes256gcm_hamming,1,PASS,0.0,6000,0,2026-02-05T22:13:05-03:00
Rust,ring,ring::aes_gcm::ring_aes256gcm_hamming,2,PASS,0.0,6000,1,2026-02-05T22:13:06-03:00
Rust,ring,ring::aes_gcm::ring_aes256gcm_hamming,3,PASS,0.0,6000,0,2026-02-05T22:13:06-03:00
Rust,ring,ring::aes_gcm::ring_aes256gcm_hamming,4,PASS,0.0,6000,0,2026-02-05T22:13:06-03:00
Rust,ring,ring::aes_gcm::ring_aes256gcm_hamming,5,PASS,0.0,6000,0,2026-02-05T22:13:06-03:00
Rust,ring,ring::aes_gcm::ring_aes256gcm_hamming,6,PASS,0.0,6000,0,2026-02-05T22:13:06-03:00
Rust,ring,ring::aes_gcm::ring_aes256gcm_hamming,7,PASS,0.0,6000,1,2026-02-05T22:13:07-03:00
Rust,ring,ring::aes_gcm::ring_aes256gcm_hamming,8,PASS,0.0,6000,0,2026-02-05T22:13:07-03:00
Rust,ring,ring::aes_gcm::ring_aes256gcm_hamming,9,PASS,0.0,6000,0,2026-02-05T22:13:07-03:00
Rust,ring,ring::aes_gcm::ring_aes256gcm_hamming,10,PASS,0.0,6000,0,2026-02-05T22:13:07-03:00
Rust,ring,ring::chacha20poly1305::ring_chacha20poly1305_encrypt_ct,1,PASS,0.0,6000,0,2026-02-05T22:13:07-03:00
Rust,ring,ring::chacha20poly1305::ring_chacha20poly1305_encrypt_ct,2,PASS,0.0,6000,1,2026-02-05T22:13:08-03:00
Rust,ring,ring::chacha20poly1305::ring_chacha20poly1305_encrypt_ct,3,PASS,0.0,6000,0,2026-02-05T22:13:08-03:00
Rust,ring,ring::chacha20poly1305::ring_chacha20poly1305_encrypt_ct,4,PASS,0.0,6000,0,2026-02-05T22:13:08-03:00
Rust,ring,ring::chacha20poly1305::ring_chacha20poly1305_encrypt_ct,5,PASS,0.0,6000,0,2026-02-05T22:13:08-03:00
Rust,ring,ring::chacha20poly1305::ring_chacha20poly1305_encrypt_ct,6,PASS,0.0,6000,0,2026-02-05T22:13:08-03:00
Rust,ring,ring::chacha20poly1305::ring_chacha20poly1305_encrypt_ct,7,PASS,0.0,6000,1,2026-02-05T22:13:09-03:00
Rust,ring,ring::chacha20poly1305::ring_chacha20poly1305_encrypt_ct,8,PASS,0.0,6000,0,2026-02-05T22:13:09-03:00
Rust,ring,ring::chacha20poly1305::ring_chacha20poly1305_encrypt_ct,9,PASS,0.0,6000,0,2026-02-05T22:13:09-03:00
Rust,ring,ring::chacha20poly1305::ring_chacha20poly1305_encrypt_ct,10,PASS,0.0,6000,0,2026-02-05T22:13:09-03:00
Rust,orion,rust_libraries::orion::orion_aead_decrypt_constant_time,1,INCONCLUSIVE,0.0,6000,0,2026-02-05T22:13:09-03:00
Rust,orion,rust_libraries::orion::orion_aead_decrypt_constant_time,2,INCONCLUSIVE,0.0,6000,1,2026-02-05T22:13:10-03:00
Rust,orion,rust_libraries::orion::orion_aead_decrypt_constant_time,3,INCONCLUSIVE,0.0,6000,0,2026-02-05T22:13:10-03:00
Rust,orion,rust_libraries::orion::orion_aead_decrypt_constant_time,4,INCONCLUSIVE,0.0,6000,0,2026-02-05T22:13:10-03:00
Rust,orion,rust_libraries::orion::orion_aead_decrypt_constant_time,5,INCONCLUSIVE,0.0,6000,0,2026-02-05T22:13:10-03:00
Rust,orion,rust_libraries::orion::orion_aead_decrypt_constant_time,6,INCONCLUSIVE,0.0,6000,0,2026-02-05T22:13:10-03:00
Rust,orion,rust_libraries::orion::orion_aead_decrypt_constant_time,7,INCONCLUSIVE,0.0,6000,1,2026-02-05T22:13:11-03:00
Rust,orion,rust_libraries::orion::orion_aead_decrypt_constant_time,8,INCONCLUSIVE,0.0,6000,0,2026-02-05T22:13:11-03:00
Rust,orion,rust_libraries::orion::orion_aead_decrypt_constant_time,9,INCONCLUSIVE,0.0,6000,0,2026-02-05T22:13:11-03:00
Rust,orion,rust_libraries::orion::orion_aead_decrypt_constant_time,10,INCONCLUSIVE,0.0,6000,0,2026-02-05T22:13:11-03:00
Rust,orion,rust_libraries::orion::orion_aead_encrypt_constant_time,1,INCONCLUSIVE,0.0,6000,1,2026-02-05T22:13:12-03:00
Rust,orion,rust_libraries::orion::orion_aead_encrypt_constant_time,2,INCONCLUSIVE,0.0,6000,0,2026-02-05T22:13:12-03:00
Rust,orion,rust_libraries::orion::orion_aead_encrypt_constant_time,3,INCONCLUSIVE,0.0,6000,0,2026-02-05T22:13:12-03:00
Rust,orion,rust_libraries::orion::orion_aead_encrypt_constant_time,4,INCONCLUSIVE,0.0,6000,0,2026-02-05T22:13:12-03:00
Rust,orion,rust_libraries::orion::orion_aead_encrypt_constant_time,5,INCONCLUSIVE,0.0,6000,0,2026-02-05T22:13:12-03:00
Rust,orion,rust_libraries::orion::orion_aead_encrypt_constant_time,6,INCONCLUSIVE,0.0,6000,1,2026-02-05T22:13:13-03:00
Rust,orion,rust_libraries::orion::orion_aead_encrypt_constant_time,7,INCONCLUSIVE,0.0,6000,0,2026-02-05T22:13:13-03:00
Rust,orion,rust_libraries::orion::orion_aead_encrypt_constant_time,8,INCONCLUSIVE,0.0,6000,0,2026-02-05T22:13:13-03:00
Rust,orion,rust_libraries::orion::orion_aead_encrypt_constant_time,9,INCONCLUSIVE,0.0,6000,0,2026-02-05T22:13:13-03:00
Rust,orion,rust_libraries::orion::orion_aead_encrypt_constant_time,10,INCONCLUSIVE,0.0,6000,1,2026-02-05T22:13:14-03:00
Rust,orion,rust_libraries::orion::orion_auth_constant_time,1,INCONCLUSIVE,0.0,6000,0,2026-02-05T22:13:14-03:00
Rust,orion,rust_libraries::orion::orion_auth_constant_time,2,INCONCLUSIVE,0.0,6000,0,2026-02-05T22:13:14-03:00
Rust,orion,rust_libraries::orion::orion_auth_constant_time,3,INCONCLUSIVE,0.0,6000,0,2026-02-05T22:13:14-03:00
Rust,orion,rust_libraries::orion::orion_auth_constant_time,4,INCONCLUSIVE,0.0,6000,0,2026-02-05T22:13:14-03:00
Rust,orion,rust_libraries::orion::orion_auth_constant_time,5,INCONCLUSIVE,0.0,6000,1,2026-02-05T22:13:15-03:00
Rust,orion,rust_libraries::orion::orion_auth_constant_time,6,INCONCLUSIVE,0.0,6000,0,2026-02-05T22:13:15-03:00
Rust,orion,rust_libraries::orion::orion_auth_constant_time,7,INCONCLUSIVE,0.0,6000,0,2026-02-05T22:13:15-03:00
Rust,orion,rust_libraries::orion::orion_auth_constant_time,8,INCONCLUSIVE,0.0,6000,0,2026-02-05T22:13:15-03:00
Rust,orion,rust_libraries::orion::orion_auth_constant_time,9,INCONCLUSIVE,0.0,6000,0,2026-02-05T22:13:15-03:00
Rust,orion,rust_libraries::orion::orion_auth_constant_time,10,INCONCLUSIVE,0.0,6000,0,2026-02-05T22:13:16-03:00
Rust,orion,rust_libraries::orion::orion_auth_hamming_weight,1,INCONCLUSIVE,0.0,6000,0,2026-02-05T22:13:16-03:00
Rust,orion,rust_libraries::orion::orion_auth_hamming_weight,2,INCONCLUSIVE,0.0,6000,0,2026-02-05T22:13:16-03:00
Rust,orion,rust_libraries::orion::orion_auth_hamming_weight,3,INCONCLUSIVE,0.0,6000,0,2026-02-05T22:13:16-03:00
Rust,orion,rust_libraries::orion::orion_auth_hamming_weight,4,INCONCLUSIVE,0.0,6000,1,2026-02-05T22:13:17-03:00
Rust,orion,rust_libraries::orion::orion_auth_hamming_weight,5,INCONCLUSIVE,0.0,6000,0,2026-02-05T22:13:17-03:00
Rust,orion,rust_libraries::orion::orion_auth_hamming_weight,6,INCONCLUSIVE,0.0,6000,0,2026-02-05T22:13:17-03:00
Rust,orion,rust_libraries::orion::orion_auth_hamming_weight,7,INCONCLUSIVE,0.0,6000,0,2026-02-05T22:13:17-03:00
Rust,orion,rust_libraries::orion::orion_auth_hamming_weight,8,INCONCLUSIVE,0.0,6000,0,2026-02-05T22:13:17-03:00
Rust,orion,rust_libraries::orion::orion_auth_hamming_weight,9,INCONCLUSIVE,0.0,6000,1,2026-02-05T22:13:18-03:00
Rust,orion,rust_libraries::orion::orion_auth_hamming_weight,10,INCONCLUSIVE,0.0,6000,0,2026-02-05T22:13:18-03:00
Rust,orion,rust_libraries::orion::orion_hash_constant_time,1,INCONCLUSIVE,0.0,6000,0,2026-02-05T22:13:18-03:00
Rust,orion,rust_libraries::orion::orion_hash_constant_time,2,INCONCLUSIVE,0.0,6000,0,2026-02-05T22:13:18-03:00
Rust,orion,rust_libraries::orion::orion_hash_constant_time,3,INCONCLUSIVE,0.0,6000,0,2026-02-05T22:13:18-03:00
Rust,orion,rust_libraries::orion::orion_hash_constant_time,4,INCONCLUSIVE,0.0,6000,1,2026-02-05T22:13:19-03:00
Rust,orion,rust_libraries::orion::orion_hash_constant_time,5,INCONCLUSIVE,0.0,6000,0,2026-02-05T22:13:19-03:00
Rust,orion,rust_libraries::orion::orion_hash_constant_time,6,INCONCLUSIVE,0.0,6000,0,2026-02-05T22:13:19-03:00
Rust,orion,rust_libraries::orion::orion_hash_constant_time,7,INCONCLUSIVE,0.0,6000,0,2026-02-05T22:13:19-03:00
Rust,orion,rust_libraries::orion::orion_hash_constant_time,8,INCONCLUSIVE,0.0,6000,0,2026-02-05T22:13:19-03:00
Rust,orion,rust_libraries::orion::orion_hash_constant_time,9,INCONCLUSIVE,0.0,6000,1,2026-02-05T22:13:20-03:00
Rust,orion,rust_libraries::orion::orion_hash_constant_time,10,INCONCLUSIVE,0.0,6000,0,2026-02-05T22:13:20-03:00
Rust,orion,rust_libraries::orion::orion_hash_hamming_weight,1,INCONCLUSIVE,0.0,6000,0,2026-02-05T22:13:20-03:00
Rust,orion,rust_libraries::orion::orion_hash_hamming_weight,2,INCONCLUSIVE,0.0,6000,0,2026-02-05T22:13:20-03:00
Rust,orion,rust_libraries::orion::orion_hash_hamming_weight,3,INCONCLUSIVE,0.0,6000,0,2026-02-05T22:13:20-03:00
Rust,orion,rust_libraries::orion::orion_hash_hamming_weight,4,INCONCLUSIVE,0.0,6000,1,2026-02-05T22:13:21-03:00
Rust,orion,rust_libraries::orion::orion_hash_hamming_weight,5,INCONCLUSIVE,0.0,6000,0,2026-02-05T22:13:21-03:00
Rust,orion,rust_libraries::orion::orion_hash_hamming_weight,6,INCONCLUSIVE,0.0,6000,0,2026-02-05T22:13:21-03:00
Rust,orion,rust_libraries::orion::orion_hash_hamming_weight,7,INCONCLUSIVE,0.0,6000,0,2026-02-05T22:13:21-03:00
Rust,orion,rust_libraries::orion::orion_hash_hamming_weight,8,INCONCLUSIVE,0.0,6000,1,2026-02-05T22:13:22-03:00
Rust,orion,rust_libraries::orion::orion_hash_hamming_weight,9,INCONCLUSIVE,0.0,6000,0,2026-02-05T22:13:22-03:00
Rust,orion,rust_libraries::orion::orion_hash_hamming_weight,10,INCONCLUSIVE,0.0,6000,0,2026-02-05T22:13:22-03:00
Rust,RustCrypto,rustcrypto::aes::aes128_block_encrypt_constant_time,1,UNKNOWN,0.0,6000,1,2026-02-05T23:14:47-03:00
Rust,RustCrypto,rustcrypto::aes::aes128_block_encrypt_constant_time,2,UNKNOWN,0.0,6000,0,2026-02-05T23:14:47-03:00
Rust,RustCrypto,rustcrypto::aes::aes128_block_encrypt_constant_time,3,UNKNOWN,0.0,6000,0,2026-02-05T23:14:47-03:00
Rust,RustCrypto,rustcrypto::aes::aes128_block_encrypt_constant_time,4,UNKNOWN,0.0,6000,0,2026-02-05T23:14:47-03:00
Rust,RustCrypto,rustcrypto::aes::aes128_block_encrypt_constant_time,5,UNKNOWN,0.0,6000,0,2026-02-05T23:14:47-03:00
Rust,RustCrypto,rustcrypto::aes::aes128_block_encrypt_constant_time,6,UNKNOWN,0.0,6000,0,2026-02-05T23:14:48-03:00
Rust,RustCrypto,rustcrypto::aes::aes128_block_encrypt_constant_time,7,UNKNOWN,0.0,6000,0,2026-02-05T23:14:48-03:00
Rust,RustCrypto,rustcrypto::aes::aes128_block_encrypt_constant_time,8,UNKNOWN,0.0,6000,0,2026-02-05T23:14:48-03:00
Rust,RustCrypto,rustcrypto::aes::aes128_block_encrypt_constant_time,9,UNKNOWN,0.0,6000,0,2026-02-05T23:14:48-03:00
Rust,RustCrypto,rustcrypto::aes::aes128_block_encrypt_constant_time,10,UNKNOWN,0.0,6000,0,2026-02-05T23:14:49-03:00
Rust,RustCrypto,rustcrypto::aes::aes128_byte_pattern_independence,1,UNKNOWN,0.0,6000,0,2026-02-05T23:14:49-03:00
Rust,RustCrypto,rustcrypto::aes::aes128_byte_pattern_independence,2,UNKNOWN,0.0,6000,0,2026-02-05T23:14:49-03:00
Rust,RustCrypto,rustcrypto::aes::aes128_byte_pattern_independence,3,UNKNOWN,0.0,6000,0,2026-02-05T23:14:49-03:00
Rust,RustCrypto,rustcrypto::aes::aes128_byte_pattern_independence,4,UNKNOWN,0.0,6000,1,2026-02-05T23:14:50-03:00
Rust,RustCrypto,rustcrypto::aes::aes128_byte_pattern_independence,5,UNKNOWN,0.0,6000,0,2026-02-05T23:14:50-03:00
Rust,RustCrypto,rustcrypto::aes::aes128_byte_pattern_independence,6,UNKNOWN,0.0,6000,0,2026-02-05T23:14:50-03:00
Rust,RustCrypto,rustcrypto::aes::aes128_byte_pattern_independence,7,UNKNOWN,0.0,6000,0,2026-02-05T23:14:50-03:00
Rust,RustCrypto,rustcrypto::aes::aes128_byte_pattern_independence,8,UNKNOWN,0.0,6000,1,2026-02-05T23:14:51-03:00
Rust,RustCrypto,rustcrypto::aes::aes128_byte_pattern_independence,9,UNKNOWN,0.0,6000,0,2026-02-05T23:14:51-03:00
Rust,RustCrypto,rustcrypto::aes::aes128_byte_pattern_independence,10,UNKNOWN,0.0,6000,0,2026-02-05T23:14:51-03:00
Rust,RustCrypto,rustcrypto::aes::aes128_different_keys_constant_time,1,UNKNOWN,0.0,6000,0,2026-02-05T23:14:51-03:00
Rust,RustCrypto,rustcrypto::aes::aes128_different_keys_constant_time,2,UNKNOWN,0.0,6000,1,2026-02-05T23:14:52-03:00
Rust,RustCrypto,rustcrypto::aes::aes128_different_keys_constant_time,3,UNKNOWN,0.0,6000,0,2026-02-05T23:14:52-03:00
Rust,RustCrypto,rustcrypto::aes::aes128_different_keys_constant_time,4,UNKNOWN,0.0,6000,0,2026-02-05T23:14:52-03:00
Rust,RustCrypto,rustcrypto::aes::aes128_different_keys_constant_time,5,UNKNOWN,0.0,6000,0,2026-02-05T23:14:52-03:00
Rust,RustCrypto,rustcrypto::aes::aes128_different_keys_constant_time,6,UNKNOWN,0.0,6000,0,2026-02-05T23:14:52-03:00
Rust,RustCrypto,rustcrypto::aes::aes128_different_keys_constant_time,7,UNKNOWN,0.0,6000,1,2026-02-05T23:14:53-03:00
Rust,RustCrypto,rustcrypto::aes::aes128_different_keys_constant_time,8,UNKNOWN,0.0,6000,0,2026-02-05T23:14:53-03:00
Rust,RustCrypto,rustcrypto::aes::aes128_different_keys_constant_time,9,UNKNOWN,0.0,6000,0,2026-02-05T23:14:53-03:00
Rust,RustCrypto,rustcrypto::aes::aes128_different_keys_constant_time,10,UNKNOWN,0.0,6000,0,2026-02-05T23:14:53-03:00
Rust,RustCrypto,rustcrypto::aes::aes128_hamming_weight_independence,1,UNKNOWN,0.0,6000,0,2026-02-05T23:14:53-03:00
Rust,RustCrypto,rustcrypto::aes::aes128_hamming_weight_independence,2,UNKNOWN,0.0,6000,1,2026-02-05T23:14:54-03:00
Rust,RustCrypto,rustcrypto::aes::aes128_hamming_weight_independence,3,UNKNOWN,0.0,6000,0,2026-02-05T23:14:54-03:00
Rust,RustCrypto,rustcrypto::aes::aes128_hamming_weight_independence,4,UNKNOWN,0.0,6000,0,2026-02-05T23:14:54-03:00
Rust,RustCrypto,rustcrypto::aes::aes128_hamming_weight_independence,5,UNKNOWN,0.0,6000,0,2026-02-05T23:14:54-03:00
Rust,RustCrypto,rustcrypto::aes::aes128_hamming_weight_independence,6,UNKNOWN,0.0,6000,0,2026-02-05T23:14:54-03:00
Rust,RustCrypto,rustcrypto::aes::aes128_hamming_weight_independence,7,UNKNOWN,0.0,6000,0,2026-02-05T23:14:54-03:00
Rust,RustCrypto,rustcrypto::aes::aes128_hamming_weight_independence,8,UNKNOWN,0.0,6000,0,2026-02-05T23:14:55-03:00
Rust,RustCrypto,rustcrypto::aes::aes128_hamming_weight_independence,9,UNKNOWN,0.0,6000,0,2026-02-05T23:14:55-03:00
Rust,RustCrypto,rustcrypto::aes::aes128_hamming_weight_independence,10,UNKNOWN,0.0,6000,0,2026-02-05T23:14:55-03:00
Rust,RustCrypto,rustcrypto::aes::aes128_key_init_constant_time,1,UNKNOWN,0.0,6000,0,2026-02-05T23:14:55-03:00
Rust,RustCrypto,rustcrypto::aes::aes128_key_init_constant_time,2,UNKNOWN,0.0,6000,0,2026-02-05T23:14:55-03:00
Rust,RustCrypto,rustcrypto::aes::aes128_key_init_constant_time,3,UNKNOWN,0.0,6000,1,2026-02-05T23:14:56-03:00
Rust,RustCrypto,rustcrypto::aes::aes128_key_init_constant_time,4,UNKNOWN,0.0,6000,0,2026-02-05T23:14:56-03:00
Rust,RustCrypto,rustcrypto::aes::aes128_key_init_constant_time,5,UNKNOWN,0.0,6000,0,2026-02-05T23:14:56-03:00
Rust,RustCrypto,rustcrypto::aes::aes128_key_init_constant_time,6,UNKNOWN,0.0,6000,0,2026-02-05T23:14:56-03:00
Rust,RustCrypto,rustcrypto::aes::aes128_key_init_constant_time,7,UNKNOWN,0.0,6000,0,2026-02-05T23:14:56-03:00
Rust,RustCrypto,rustcrypto::aes::aes128_key_init_constant_time,8,UNKNOWN,0.0,6000,1,2026-02-05T23:14:57-03:00
Rust,RustCrypto,rustcrypto::aes::aes128_key_init_constant_time,9,UNKNOWN,0.0,6000,0,2026-02-05T23:14:57-03:00
Rust,RustCrypto,rustcrypto::aes::aes128_key_init_constant_time,10,UNKNOWN,0.0,6000,0,2026-02-05T23:14:57-03:00
Rust,RustCrypto,rustcrypto::aes::aes128_multiple_blocks_constant_time,1,UNKNOWN,0.0,6000,0,2026-02-05T23:14:57-03:00
Rust,RustCrypto,rustcrypto::aes::aes128_multiple_blocks_constant_time,2,UNKNOWN,0.0,6000,0,2026-02-05T23:14:57-03:00
Rust,RustCrypto,rustcrypto::aes::aes128_multiple_blocks_constant_time,3,UNKNOWN,0.0,6000,1,2026-02-05T23:14:58-03:00
Rust,RustCrypto,rustcrypto::aes::aes128_multiple_blocks_constant_time,4,UNKNOWN,0.0,6000,0,2026-02-05T23:14:58-03:00
Rust,RustCrypto,rustcrypto::aes::aes128_multiple_blocks_constant_time,5,UNKNOWN,0.0,6000,0,2026-02-05T23:14:58-03:00
Rust,RustCrypto,rustcrypto::aes::aes128_multiple_blocks_constant_time,6,UNKNOWN,0.0,6000,0,2026-02-05T23:14:58-03:00
Rust,RustCrypto,rustcrypto::aes::aes128_multiple_blocks_constant_time,7,UNKNOWN,0.0,6000,0,2026-02-05T23:14:58-03:00
Rust,RustCrypto,rustcrypto::aes::aes128_multiple_blocks_constant_time,8,UNKNOWN,0.0,6000,0,2026-02-05T23:14:59-03:00
Rust,RustCrypto,rustcrypto::aes::aes128_multiple_blocks_constant_time,9,UNKNOWN,0.0,6000,0,2026-02-05T23:14:59-03:00
Rust,RustCrypto,rustcrypto::aes::aes128_multiple_blocks_constant_time,10,UNKNOWN,0.0,6000,0,2026-02-05T23:14:59-03:00
Rust,RustCrypto,rustcrypto::blake2::rustcrypto_blake2b512_ct,1,PASS,0.0,6000,0,2026-02-05T23:14:59-03:00
Rust,RustCrypto,rustcrypto::blake2::rustcrypto_blake2b512_ct,2,PASS,0.0,6000,1,2026-02-05T23:15:00-03:00
Rust,RustCrypto,rustcrypto::blake2::rustcrypto_blake2b512_ct,3,PASS,0.0,6000,0,2026-02-05T23:15:00-03:00
Rust,RustCrypto,rustcrypto::blake2::rustcrypto_blake2b512_ct,4,PASS,0.0,6000,0,2026-02-05T23:15:00-03:00
Rust,RustCrypto,rustcrypto::blake2::rustcrypto_blake2b512_ct,5,PASS,0.0,6000,0,2026-02-05T23:15:00-03:00
Rust,RustCrypto,rustcrypto::blake2::rustcrypto_blake2b512_ct,6,PASS,0.0,6000,0,2026-02-05T23:15:00-03:00
Rust,RustCrypto,rustcrypto::blake2::rustcrypto_blake2b512_ct,7,PASS,0.0,6000,1,2026-02-05T23:15:01-03:00
Rust,RustCrypto,rustcrypto::blake2::rustcrypto_blake2b512_ct,8,PASS,0.0,6000,0,2026-02-05T23:15:01-03:00
Rust,RustCrypto,rustcrypto::blake2::rustcrypto_blake2b512_ct,9,PASS,0.0,6000,0,2026-02-05T23:15:01-03:00
Rust,RustCrypto,rustcrypto::blake2::rustcrypto_blake2b512_ct,10,PASS,0.0,6000,0,2026-02-05T23:15:01-03:00
Rust,RustCrypto,rustcrypto::blake2::rustcrypto_blake2b_hamming,1,PASS,0.0,6000,0,2026-02-05T23:15:01-03:00
Rust,RustCrypto,rustcrypto::blake2::rustcrypto_blake2b_hamming,2,PASS,0.0,6000,0,2026-02-05T23:15:01-03:00
Rust,RustCrypto,rustcrypto::blake2::rustcrypto_blake2b_hamming,3,PASS,0.0,6000,0,2026-02-05T23:15:02-03:00
Rust,RustCrypto,rustcrypto::blake2::rustcrypto_blake2b_hamming,4,PASS,0.0,6000,0,2026-02-05T23:15:02-03:00
Rust,RustCrypto,rustcrypto::blake2::rustcrypto_blake2b_hamming,5,PASS,0.0,6000,0,2026-02-05T23:15:02-03:00
Rust,RustCrypto,rustcrypto::blake2::rustcrypto_blake2b_hamming,6,PASS,0.0,6000,0,2026-02-05T23:15:02-03:00
Rust,RustCrypto,rustcrypto::blake2::rustcrypto_blake2b_hamming,7,PASS,0.0,6000,0,2026-02-05T23:15:02-03:00
Rust,RustCrypto,rustcrypto::blake2::rustcrypto_blake2b_hamming,8,PASS,0.0,6000,1,2026-02-05T23:15:03-03:00
Rust,RustCrypto,rustcrypto::blake2::rustcrypto_blake2b_hamming,9,PASS,0.0,6000,0,2026-02-05T23:15:03-03:00
Rust,RustCrypto,rustcrypto::blake2::rustcrypto_blake2b_hamming,10,PASS,0.0,6000,0,2026-02-05T23:15:03-03:00
Rust,RustCrypto,rustcrypto::blake2::rustcrypto_blake2b_incremental_ct,1,PASS,0.0,6000,0,2026-02-05T23:15:03-03:00
Rust,RustCrypto,rustcrypto::blake2::rustcrypto_blake2b_incremental_ct,2,PASS,0.0,6000,0,2026-02-05T23:15:03-03:00
Rust,RustCrypto,rustcrypto::blake2::rustcrypto_blake2b_incremental_ct,3,PASS,0.0,6000,1,2026-02-05T23:15:04-03:00
Rust,RustCrypto,rustcrypto::blake2::rustcrypto_blake2b_incremental_ct,4,PASS,0.0,6000,0,2026-02-05T23:15:04-03:00
Rust,RustCrypto,rustcrypto::blake2::rustcrypto_blake2b_incremental_ct,5,PASS,0.0,6000,0,2026-02-05T23:15:04-03:00
Rust,RustCrypto,rustcrypto::blake2::rustcrypto_blake2b_incremental_ct,6,PASS,0.0,6000,0,2026-02-05T23:15:04-03:00
Rust,RustCrypto,rustcrypto::blake2::rustcrypto_blake2b_incremental_ct,7,PASS,0.0,6000,0,2026-02-05T23:15:04-03:00
Rust,RustCrypto,rustcrypto::blake2::rustcrypto_blake2b_incremental_ct,8,PASS,0.0,6000,1,2026-02-05T23:15:05-03:00
Rust,RustCrypto,rustcrypto::blake2::rustcrypto_blake2b_incremental_ct,9,PASS,0.0,6000,0,2026-02-05T23:15:05-03:00
Rust,RustCrypto,rustcrypto::blake2::rustcrypto_blake2b_incremental_ct,10,PASS,0.0,6000,0,2026-02-05T23:15:05-03:00
Rust,RustCrypto,rustcrypto::blake2::rustcrypto_blake2s256_ct,1,PASS,0.0,6000,0,2026-02-05T23:15:05-03:00
Rust,RustCrypto,rustcrypto::blake2::rustcrypto_blake2s256_ct,2,PASS,0.0,6000,0,2026-02-05T23:15:05-03:00
Rust,RustCrypto,rustcrypto::blake2::rustcrypto_blake2s256_ct,3,PASS,0.0,6000,1,2026-02-05T23:15:06-03:00
Rust,RustCrypto,rustcrypto::blake2::rustcrypto_blake2s256_ct,4,PASS,0.0,6000,0,2026-02-05T23:15:06-03:00
Rust,RustCrypto,rustcrypto::blake2::rustcrypto_blake2s256_ct,5,PASS,0.0,6000,0,2026-02-05T23:15:06-03:00
Rust,RustCrypto,rustcrypto::blake2::rustcrypto_blake2s256_ct,6,PASS,0.0,6000,0,2026-02-05T23:15:06-03:00
Rust,RustCrypto,rustcrypto::blake2::rustcrypto_blake2s256_ct,7,PASS,0.0,6000,0,2026-02-05T23:15:06-03:00
Rust,RustCrypto,rustcrypto::blake2::rustcrypto_blake2s256_ct,8,PASS,0.0,6000,1,2026-02-05T23:15:07-03:00
Rust,RustCrypto,rustcrypto::blake2::rustcrypto_blake2s256_ct,9,PASS,0.0,6000,0,2026-02-05T23:15:07-03:00
Rust,RustCrypto,rustcrypto::blake2::rustcrypto_blake2s256_ct,10,PASS,0.0,6000,0,2026-02-05T23:15:07-03:00
Rust,RustCrypto,rustcrypto::chacha20poly1305::rustcrypto_chacha20poly1305_decrypt_ct,1,PASS,0.0,6000,0,2026-02-05T23:15:07-03:00
Rust,RustCrypto,rustcrypto::chacha20poly1305::rustcrypto_chacha20poly1305_decrypt_ct,2,PASS,0.0,6000,0,2026-02-05T23:15:07-03:00
Rust,RustCrypto,rustcrypto::chacha20poly1305::rustcrypto_chacha20poly1305_decrypt_ct,3,PASS,0.0,6000,1,2026-02-05T23:15:08-03:00
Rust,RustCrypto,rustcrypto::chacha20poly1305::rustcrypto_chacha20poly1305_decrypt_ct,4,PASS,0.0,6000,0,2026-02-05T23:15:08-03:00
Rust,RustCrypto,rustcrypto::chacha20poly1305::rustcrypto_chacha20poly1305_decrypt_ct,5,PASS,0.0,6000,0,2026-02-05T23:15:08-03:00
Rust,RustCrypto,rustcrypto::chacha20poly1305::rustcrypto_chacha20poly1305_decrypt_ct,6,INCONCLUSIVE,0.0,6000,1,2026-02-05T23:15:09-03:00
Rust,RustCrypto,rustcrypto::chacha20poly1305::rustcrypto_chacha20poly1305_decrypt_ct,7,PASS,0.0,6000,0,2026-02-05T23:15:09-03:00
Rust,RustCrypto,rustcrypto::chacha20poly1305::rustcrypto_chacha20poly1305_decrypt_ct,8,PASS,0.0,6000,0,2026-02-05T23:15:09-03:00
Rust,RustCrypto,rustcrypto::chacha20poly1305::rustcrypto_chacha20poly1305_decrypt_ct,9,PASS,0.0,6000,0,2026-02-05T23:15:09-03:00
Rust,RustCrypto,rustcrypto::chacha20poly1305::rustcrypto_chacha20poly1305_decrypt_ct,10,PASS,0.1,6000,1,2026-02-05T23:15:10-03:00
Rust,RustCrypto,rustcrypto::chacha20poly1305::rustcrypto_chacha20poly1305_encrypt_ct,1,INCONCLUSIVE,0.0,6000,0,2026-02-05T23:15:10-03:00
Rust,RustCrypto,rustcrypto::chacha20poly1305::rustcrypto_chacha20poly1305_encrypt_ct,2,INCONCLUSIVE,0.0,6000,0,2026-02-05T23:15:10-03:00
Rust,RustCrypto,rustcrypto::chacha20poly1305::rustcrypto_chacha20poly1305_encrypt_ct,3,INCONCLUSIVE,0.0,6000,1,2026-02-05T23:15:11-03:00
Rust,RustCrypto,rustcrypto::chacha20poly1305::rustcrypto_chacha20poly1305_encrypt_ct,4,INCONCLUSIVE,0.0,6000,0,2026-02-05T23:15:11-03:00
Rust,RustCrypto,rustcrypto::chacha20poly1305::rustcrypto_chacha20poly1305_encrypt_ct,5,INCONCLUSIVE,0.0,6000,0,2026-02-05T23:15:11-03:00
Rust,RustCrypto,rustcrypto::chacha20poly1305::rustcrypto_chacha20poly1305_encrypt_ct,6,PASS,0.0,6000,0,2026-02-05T23:15:11-03:00
Rust,RustCrypto,rustcrypto::chacha20poly1305::rustcrypto_chacha20poly1305_encrypt_ct,7,PASS,0.0,6000,1,2026-02-05T23:15:12-03:00
Rust,RustCrypto,rustcrypto::chacha20poly1305::rustcrypto_chacha20poly1305_encrypt_ct,8,PASS,0.0,6000,0,2026-02-05T23:15:12-03:00
Rust,RustCrypto,rustcrypto::chacha20poly1305::rustcrypto_chacha20poly1305_encrypt_ct,9,INCONCLUSIVE,0.0,6000,0,2026-02-05T23:15:12-03:00
Rust,RustCrypto,rustcrypto::chacha20poly1305::rustcrypto_chacha20poly1305_encrypt_ct,10,PASS,0.0,6000,0,2026-02-05T23:15:12-03:00
Rust,RustCrypto,rustcrypto::chacha20poly1305::rustcrypto_chacha20poly1305_hamming,1,PASS,0.0,6000,1,2026-02-05T23:15:13-03:00
Rust,RustCrypto,rustcrypto::chacha20poly1305::rustcrypto_chacha20poly1305_hamming,2,PASS,0.0,6000,0,2026-02-05T23:15:13-03:00
Rust,RustCrypto,rustcrypto::chacha20poly1305::rustcrypto_chacha20poly1305_hamming,3,PASS,0.0,6000,0,2026-02-05T23:15:13-03:00
Rust,RustCrypto,rustcrypto::chacha20poly1305::rustcrypto_chacha20poly1305_hamming,4,PASS,0.0,6000,0,2026-02-05T23:15:13-03:00
Rust,RustCrypto,rustcrypto::chacha20poly1305::rustcrypto_chacha20poly1305_hamming,5,INCONCLUSIVE,0.0,6000,1,2026-02-05T23:15:14-03:00
Rust,RustCrypto,rustcrypto::chacha20poly1305::rustcrypto_chacha20poly1305_hamming,6,INCONCLUSIVE,0.0,6000,0,2026-02-05T23:15:14-03:00
Rust,RustCrypto,rustcrypto::chacha20poly1305::rustcrypto_chacha20poly1305_hamming,7,PASS,0.0,6000,0,2026-02-05T23:15:14-03:00
Rust,RustCrypto,rustcrypto::chacha20poly1305::rustcrypto_chacha20poly1305_hamming,8,PASS,0.1,6000,0,2026-02-05T23:15:14-03:00
Rust,RustCrypto,rustcrypto::chacha20poly1305::rustcrypto_chacha20poly1305_hamming,9,INCONCLUSIVE,0.0,6000,1,2026-02-05T23:15:15-03:00
Rust,RustCrypto,rustcrypto::chacha20poly1305::rustcrypto_chacha20poly1305_hamming,10,PASS,0.1,6000,0,2026-02-05T23:15:15-03:00
Rust,RustCrypto,rustcrypto::chacha20poly1305::rustcrypto_chacha20poly1305_nonce_ct,1,PASS,0.0,6000,0,2026-02-05T23:15:15-03:00
Rust,RustCrypto,rustcrypto::chacha20poly1305::rustcrypto_chacha20poly1305_nonce_ct,2,PASS,0.0,6000,0,2026-02-05T23:15:15-03:00
Rust,RustCrypto,rustcrypto::chacha20poly1305::rustcrypto_chacha20poly1305_nonce_ct,3,PASS,0.0,6000,1,2026-02-05T23:15:16-03:00
Rust,RustCrypto,rustcrypto::chacha20poly1305::rustcrypto_chacha20poly1305_nonce_ct,4,PASS,0.0,6000,0,2026-02-05T23:15:16-03:00
Rust,RustCrypto,rustcrypto::chacha20poly1305::rustcrypto_chacha20poly1305_nonce_ct,5,PASS,1.2,6000,0,2026-02-05T23:15:16-03:00
Rust,RustCrypto,rustcrypto::chacha20poly1305::rustcrypto_chacha20poly1305_nonce_ct,6,PASS,0.0,6000,0,2026-02-05T23:15:16-03:00
Rust,RustCrypto,rustcrypto::chacha20poly1305::rustcrypto_chacha20poly1305_nonce_ct,7,PASS,0.0,6000,1,2026-02-05T23:15:17-03:00
Rust,RustCrypto,rustcrypto::chacha20poly1305::rustcrypto_chacha20poly1305_nonce_ct,8,PASS,0.0,6000,0,2026-02-05T23:15:17-03:00
Rust,RustCrypto,rustcrypto::chacha20poly1305::rustcrypto_chacha20poly1305_nonce_ct,9,PASS,0.0,6000,0,2026-02-05T23:15:17-03:00
Rust,RustCrypto,rustcrypto::chacha20poly1305::rustcrypto_chacha20poly1305_nonce_ct,10,PASS,0.0,6000,0,2026-02-05T23:15:17-03:00
Rust,RustCrypto,rustcrypto::rsa::rsa_1024_decrypt_constant_time,1,INCONCLUSIVE,0.0,3000,2,2026-02-05T23:15:19-03:00
Rust,RustCrypto,rustcrypto::rsa::rsa_1024_decrypt_constant_time,2,INCONCLUSIVE,0.0,3000,1,2026-02-05T23:15:20-03:00
Rust,RustCrypto,rustcrypto::rsa::rsa_1024_decrypt_constant_time,3,INCONCLUSIVE,0.0,3000,2,2026-02-05T23:15:22-03:00
Rust,RustCrypto,rustcrypto::rsa::rsa_1024_decrypt_constant_time,4,INCONCLUSIVE,0.0,3000,1,2026-02-05T23:15:23-03:00
Rust,RustCrypto,rustcrypto::rsa::rsa_1024_decrypt_constant_time,5,INCONCLUSIVE,0.0,3000,2,2026-02-05T23:15:25-03:00
Rust,RustCrypto,rustcrypto::rsa::rsa_1024_decrypt_constant_time,6,INCONCLUSIVE,0.0,3000,1,2026-02-05T23:15:26-03:00
Rust,RustCrypto,rustcrypto::rsa::rsa_1024_decrypt_constant_time,7,INCONCLUSIVE,0.0,3000,2,2026-02-05T23:15:28-03:00
Rust,RustCrypto,rustcrypto::rsa::rsa_1024_decrypt_constant_time,8,INCONCLUSIVE,0.0,3000,2,2026-02-05T23:15:30-03:00
Rust,RustCrypto,rustcrypto::rsa::rsa_1024_decrypt_constant_time,9,INCONCLUSIVE,0.0,3000,1,2026-02-05T23:15:31-03:00
Rust,RustCrypto,rustcrypto::rsa::rsa_1024_decrypt_constant_time,10,INCONCLUSIVE,0.0,3000,2,2026-02-05T23:15:33-03:00
Rust,RustCrypto,rustcrypto::rsa::rsa_1024_decrypt_control_both_random,1,UNKNOWN,0.0,3000,1,2026-02-05T23:15:34-03:00
Rust,RustCrypto,rustcrypto::rsa::rsa_1024_decrypt_control_both_random,2,UNKNOWN,0.0,3000,2,2026-02-05T23:15:36-03:00
Rust,RustCrypto,rustcrypto::rsa::rsa_1024_decrypt_control_both_random,3,UNKNOWN,0.0,3000,1,2026-02-05T23:15:37-03:00
Rust,RustCrypto,rustcrypto::rsa::rsa_1024_decrypt_control_both_random,4,UNKNOWN,0.0,3000,2,2026-02-05T23:15:39-03:00
Rust,RustCrypto,rustcrypto::rsa::rsa_1024_decrypt_control_both_random,5,UNKNOWN,0.0,3000,1,2026-02-05T23:15:40-03:00
Rust,RustCrypto,rustcrypto::rsa::rsa_1024_decrypt_control_both_random,6,UNKNOWN,0.0,3000,2,2026-02-05T23:15:42-03:00
Rust,RustCrypto,rustcrypto::rsa::rsa_1024_decrypt_control_both_random,7,UNKNOWN,0.0,3000,1,2026-02-05T23:15:43-03:00
Rust,RustCrypto,rustcrypto::rsa::rsa_1024_decrypt_control_both_random,8,UNKNOWN,0.0,3000,2,2026-02-05T23:15:45-03:00
Rust,RustCrypto,rustcrypto::rsa::rsa_1024_decrypt_control_both_random,9,UNKNOWN,0.0,3000,1,2026-02-05T23:15:46-03:00
Rust,RustCrypto,rustcrypto::rsa::rsa_1024_decrypt_control_both_random,10,UNKNOWN,0.0,3000,1,2026-02-05T23:15:47-03:00
Rust,RustCrypto,rustcrypto::rsa::rsa_1024_encrypt_constant_time,1,PASS,0.1,6000,1,2026-02-05T23:15:48-03:00
Rust,RustCrypto,rustcrypto::rsa::rsa_1024_encrypt_constant_time,2,PASS,0.1,6000,1,2026-02-05T23:15:49-03:00
Rust,RustCrypto,rustcrypto::rsa::rsa_1024_encrypt_constant_time,3,PASS,0.1,6000,0,2026-02-05T23:15:49-03:00
Rust,RustCrypto,rustcrypto::rsa::rsa_1024_encrypt_constant_time,4,PASS,0.1,6000,0,2026-02-05T23:15:50-03:00
Rust,RustCrypto,rustcrypto::rsa::rsa_1024_encrypt_constant_time,5,PASS,1.9,6000,1,2026-02-05T23:15:51-03:00
Rust,RustCrypto,rustcrypto::rsa::rsa_1024_encrypt_constant_time,6,PASS,0.1,6000,1,2026-02-05T23:15:52-03:00
Rust,RustCrypto,rustcrypto::rsa::rsa_1024_encrypt_constant_time,7,PASS,0.0,6000,0,2026-02-05T23:15:52-03:00
Rust,RustCrypto,rustcrypto::rsa::rsa_1024_encrypt_constant_time,8,INCONCLUSIVE,0.0,6000,1,2026-02-05T23:15:53-03:00
Rust,RustCrypto,rustcrypto::rsa::rsa_1024_encrypt_constant_time,9,PASS,1.9,6000,1,2026-02-05T23:15:54-03:00
Rust,RustCrypto,rustcrypto::rsa::rsa_1024_encrypt_constant_time,10,PASS,5.4,6000,1,2026-02-05T23:15:55-03:00
Rust,RustCrypto,rustcrypto::rsa::rsa_1024_hamming_weight_independence,1,PASS,3.5,6000,0,2026-02-05T23:15:55-03:00
Rust,RustCrypto,rustcrypto::rsa::rsa_1024_hamming_weight_independence,2,PASS,1.2,6000,1,2026-02-05T23:15:56-03:00
Rust,RustCrypto,rustcrypto::rsa::rsa_1024_hamming_weight_independence,3,PASS,7.8,6000,1,2026-02-05T23:15:57-03:00
Rust,RustCrypto,rustcrypto::rsa::rsa_1024_hamming_weight_independence,4,PASS,1.3,6000,1,2026-02-05T23:15:58-03:00
Rust,RustCrypto,rustcrypto::rsa::rsa_1024_hamming_weight_independence,5,PASS,0.2,6000,1,2026-02-05T23:15:59-03:00
Rust,RustCrypto,rustcrypto::rsa::rsa_1024_hamming_weight_independence,6,PASS,0.5,6000,0,2026-02-05T23:15:59-03:00
Rust,RustCrypto,rustcrypto::rsa::rsa_1024_hamming_weight_independence,7,PASS,11.1,6000,1,2026-02-05T23:16:00-03:00
Rust,RustCrypto,rustcrypto::rsa::rsa_1024_hamming_weight_independence,8,INCONCLUSIVE,0.0,6000,1,2026-02-05T23:16:01-03:00
Rust,RustCrypto,rustcrypto::rsa::rsa_1024_hamming_weight_independence,9,PASS,1.2,6000,1,2026-02-05T23:16:02-03:00
Rust,RustCrypto,rustcrypto::rsa::rsa_1024_hamming_weight_independence,10,PASS,1.5,6000,1,2026-02-05T23:16:03-03:00
Rust,RustCrypto,rustcrypto::rsa::rsa_1024_verify_constant_time,1,UNKNOWN,0.0,0,0,2026-02-05T23:16:03-03:00
Rust,RustCrypto,rustcrypto::rsa::rsa_1024_verify_constant_time,2,UNKNOWN,0.0,0,0,2026-02-05T23:16:03-03:00
Rust,RustCrypto,rustcrypto::rsa::rsa_1024_verify_constant_time,3,UNKNOWN,0.0,0,0,2026-02-05T23:16:03-03:00
Rust,RustCrypto,rustcrypto::rsa::rsa_1024_verify_constant_time,4,UNKNOWN,0.0,0,0,2026-02-05T23:16:03-03:00
Rust,RustCrypto,rustcrypto::rsa::rsa_1024_verify_constant_time,5,UNKNOWN,0.0,0,0,2026-02-05T23:16:03-03:00
Rust,RustCrypto,rustcrypto::rsa::rsa_1024_verify_constant_time,6,UNKNOWN,0.0,0,0,2026-02-05T23:16:03-03:00
Rust,RustCrypto,rustcrypto::rsa::rsa_1024_verify_constant_time,7,UNKNOWN,0.0,0,0,2026-02-05T23:16:03-03:00
Rust,RustCrypto,rustcrypto::rsa::rsa_1024_verify_constant_time,8,UNKNOWN,0.0,0,0,2026-02-05T23:16:03-03:00
Rust,RustCrypto,rustcrypto::rsa::rsa_1024_verify_constant_time,9,UNKNOWN,0.0,0,0,2026-02-05T23:16:03-03:00
Rust,RustCrypto,rustcrypto::rsa::rsa_1024_verify_constant_time,10,UNKNOWN,0.0,0,0,2026-02-05T23:16:03-03:00
Rust,RustCrypto,rustcrypto::rsa::rsa_2048_sign_constant_time,1,UNKNOWN,0.0,0,0,2026-02-05T23:16:03-03:00
Rust,RustCrypto,rustcrypto::rsa::rsa_2048_sign_constant_time,2,UNKNOWN,0.0,0,0,2026-02-05T23:16:03-03:00
Rust,RustCrypto,rustcrypto::rsa::rsa_2048_sign_constant_time,3,UNKNOWN,0.0,0,0,2026-02-05T23:16:03-03:00
Rust,RustCrypto,rustcrypto::rsa::rsa_2048_sign_constant_time,4,UNKNOWN,0.0,0,0,2026-02-05T23:16:03-03:00
Rust,RustCrypto,rustcrypto::rsa::rsa_2048_sign_constant_time,5,UNKNOWN,0.0,0,0,2026-02-05T23:16:03-03:00
Rust,RustCrypto,rustcrypto::rsa::rsa_2048_sign_constant_time,6,UNKNOWN,0.0,0,0,2026-02-05T23:16:03-03:00
Rust,RustCrypto,rustcrypto::rsa::rsa_2048_sign_constant_time,7,UNKNOWN,0.0,0,0,2026-02-05T23:16:03-03:00
Rust,RustCrypto,rustcrypto::rsa::rsa_2048_sign_constant_time,8,UNKNOWN,0.0,0,0,2026-02-05T23:16:03-03:00
Rust,RustCrypto,rustcrypto::rsa::rsa_2048_sign_constant_time,9,UNKNOWN,0.0,0,0,2026-02-05T23:16:03-03:00
Rust,RustCrypto,rustcrypto::rsa::rsa_2048_sign_constant_time,10,UNKNOWN,0.0,0,0,2026-02-05T23:16:03-03:00
Rust,RustCrypto,rustcrypto::rsa::rsa_key_size_timing_difference,1,UNKNOWN,0.0,0,0,2026-02-05T23:16:03-03:00
Rust,RustCrypto,rustcrypto::rsa::rsa_key_size_timing_difference,2,UNKNOWN,0.0,0,0,2026-02-05T23:16:03-03:00
Rust,RustCrypto,rustcrypto::rsa::rsa_key_size_timing_difference,3,UNKNOWN,0.0,0,0,2026-02-05T23:16:03-03:00
Rust,RustCrypto,rustcrypto::rsa::rsa_key_size_timing_difference,4,UNKNOWN,0.0,0,0,2026-02-05T23:16:03-03:00
Rust,RustCrypto,rustcrypto::rsa::rsa_key_size_timing_difference,5,UNKNOWN,0.0,0,0,2026-02-05T23:16:03-03:00
Rust,RustCrypto,rustcrypto::rsa::rsa_key_size_timing_difference,6,UNKNOWN,0.0,0,0,2026-02-05T23:16:03-03:00
Rust,RustCrypto,rustcrypto::rsa::rsa_key_size_timing_difference,7,UNKNOWN,0.0,0,0,2026-02-05T23:16:03-03:00
Rust,RustCrypto,rustcrypto::rsa::rsa_key_size_timing_difference,8,UNKNOWN,0.0,0,0,2026-02-05T23:16:03-03:00
Rust,RustCrypto,rustcrypto::rsa::rsa_key_size_timing_difference,9,UNKNOWN,0.0,0,0,2026-02-05T23:16:03-03:00
Rust,RustCrypto,rustcrypto::rsa::rsa_key_size_timing_difference,10,UNKNOWN,0.0,0,0,2026-02-05T23:16:03-03:00
Rust,RustCrypto,rustcrypto::sha3::rustcrypto_sha3_256_ct,1,PASS,0.0,6000,0,2026-02-05T23:16:04-03:00
Rust,RustCrypto,rustcrypto::sha3::rustcrypto_sha3_256_ct,2,PASS,0.0,6000,0,2026-02-05T23:16:04-03:00
Rust,RustCrypto,rustcrypto::sha3::rustcrypto_sha3_256_ct,3,PASS,0.0,6000,0,2026-02-05T23:16:04-03:00
Rust,RustCrypto,rustcrypto::sha3::rustcrypto_sha3_256_ct,4,PASS,0.0,6000,0,2026-02-05T23:16:04-03:00
Rust,RustCrypto,rustcrypto::sha3::rustcrypto_sha3_256_ct,5,PASS,0.0,6000,1,2026-02-05T23:16:05-03:00
Rust,RustCrypto,rustcrypto::sha3::rustcrypto_sha3_256_ct,6,PASS,0.0,6000,0,2026-02-05T23:16:05-03:00
Rust,RustCrypto,rustcrypto::sha3::rustcrypto_sha3_256_ct,7,PASS,0.0,6000,0,2026-02-05T23:16:05-03:00
Rust,RustCrypto,rustcrypto::sha3::rustcrypto_sha3_256_ct,8,PASS,0.0,6000,0,2026-02-05T23:16:05-03:00
Rust,RustCrypto,rustcrypto::sha3::rustcrypto_sha3_256_ct,9,PASS,0.0,6000,0,2026-02-05T23:16:05-03:00
Rust,RustCrypto,rustcrypto::sha3::rustcrypto_sha3_256_ct,10,PASS,0.0,6000,1,2026-02-05T23:16:06-03:00
Rust,RustCrypto,rustcrypto::sha3::rustcrypto_sha3_256_data_independence,1,PASS,0.0,6000,0,2026-02-05T23:16:06-03:00
Rust,RustCrypto,rustcrypto::sha3::rustcrypto_sha3_256_data_independence,2,PASS,0.0,6000,0,2026-02-05T23:16:06-03:00
Rust,RustCrypto,rustcrypto::sha3::rustcrypto_sha3_256_data_independence,3,PASS,0.0,6000,0,2026-02-05T23:16:06-03:00
Rust,RustCrypto,rustcrypto::sha3::rustcrypto_sha3_256_data_independence,4,PASS,0.0,6000,0,2026-02-05T23:16:06-03:00
Rust,RustCrypto,rustcrypto::sha3::rustcrypto_sha3_256_data_independence,5,PASS,0.0,6000,1,2026-02-05T23:16:07-03:00
Rust,RustCrypto,rustcrypto::sha3::rustcrypto_sha3_256_data_independence,6,PASS,0.0,6000,0,2026-02-05T23:16:07-03:00
Rust,RustCrypto,rustcrypto::sha3::rustcrypto_sha3_256_data_independence,7,PASS,0.0,6000,0,2026-02-05T23:16:07-03:00
Rust,RustCrypto,rustcrypto::sha3::rustcrypto_sha3_256_data_independence,8,PASS,0.0,6000,0,2026-02-05T23:16:07-03:00
Rust,RustCrypto,rustcrypto::sha3::rustcrypto_sha3_256_data_independence,9,PASS,0.0,6000,1,2026-02-05T23:16:08-03:00
Rust,RustCrypto,rustcrypto::sha3::rustcrypto_sha3_256_data_independence,10,PASS,0.0,6000,0,2026-02-05T23:16:08-03:00
Rust,RustCrypto,rustcrypto::sha3::rustcrypto_sha3_256_hamming,1,PASS,0.0,6000,0,2026-02-05T23:16:08-03:00
Rust,RustCrypto,rustcrypto::sha3::rustcrypto_sha3_256_hamming,2,PASS,0.0,6000,0,2026-02-05T23:16:08-03:00
Rust,RustCrypto,rustcrypto::sha3::rustcrypto_sha3_256_hamming,3,PASS,0.0,6000,0,2026-02-05T23:16:08-03:00
Rust,RustCrypto,rustcrypto::sha3::rustcrypto_sha3_256_hamming,4,PASS,0.0,6000,1,2026-02-05T23:16:09-03:00
Rust,RustCrypto,rustcrypto::sha3::rustcrypto_sha3_256_hamming,5,PASS,0.0,6000,0,2026-02-05T23:16:09-03:00
Rust,RustCrypto,rustcrypto::sha3::rustcrypto_sha3_256_hamming,6,PASS,0.0,6000,0,2026-02-05T23:16:09-03:00
Rust,RustCrypto,rustcrypto::sha3::rustcrypto_sha3_256_hamming,7,PASS,0.0,6000,0,2026-02-05T23:16:09-03:00
Rust,RustCrypto,rustcrypto::sha3::rustcrypto_sha3_256_hamming,8,PASS,0.0,6000,0,2026-02-05T23:16:09-03:00
Rust,RustCrypto,rustcrypto::sha3::rustcrypto_sha3_256_hamming,9,PASS,0.0,6000,1,2026-02-05T23:16:10-03:00
Rust,RustCrypto,rustcrypto::sha3::rustcrypto_sha3_256_hamming,10,PASS,0.0,6000,0,2026-02-05T23:16:10-03:00
Rust,RustCrypto,rustcrypto::sha3::rustcrypto_sha3_256_incremental_ct,1,PASS,0.0,6000,0,2026-02-05T23:16:10-03:00
Rust,RustCrypto,rustcrypto::sha3::rustcrypto_sha3_256_incremental_ct,2,PASS,0.0,6000,0,2026-02-05T23:16:10-03:00
Rust,RustCrypto,rustcrypto::sha3::rustcrypto_sha3_256_incremental_ct,3,PASS,0.0,6000,0,2026-02-05T23:16:10-03:00
Rust,RustCrypto,rustcrypto::sha3::rustcrypto_sha3_256_incremental_ct,4,PASS,0.0,6000,1,2026-02-05T23:16:11-03:00
Rust,RustCrypto,rustcrypto::sha3::rustcrypto_sha3_256_incremental_ct,5,PASS,0.0,6000,0,2026-02-05T23:16:11-03:00
Rust,RustCrypto,rustcrypto::sha3::rustcrypto_sha3_256_incremental_ct,6,PASS,0.0,6000,0,2026-02-05T23:16:11-03:00
Rust,RustCrypto,rustcrypto::sha3::rustcrypto_sha3_256_incremental_ct,7,PASS,0.0,6000,0,2026-02-05T23:16:11-03:00
Rust,RustCrypto,rustcrypto::sha3::rustcrypto_sha3_256_incremental_ct,8,PASS,0.0,6000,0,2026-02-05T23:16:11-03:00
Rust,RustCrypto,rustcrypto::sha3::rustcrypto_sha3_256_incremental_ct,9,PASS,0.0,6000,1,2026-02-05T23:16:12-03:00
Rust,RustCrypto,rustcrypto::sha3::rustcrypto_sha3_256_incremental_ct,10,PASS,0.0,6000,0,2026-02-05T23:16:12-03:00
Rust,RustCrypto,rustcrypto::sha3::rustcrypto_sha3_384_ct,1,PASS,0.0,6000,0,2026-02-05T23:16:12-03:00
Rust,RustCrypto,rustcrypto::sha3::rustcrypto_sha3_384_ct,2,PASS,0.0,6000,0,2026-02-05T23:16:12-03:00
Rust,RustCrypto,rustcrypto::sha3::rustcrypto_sha3_384_ct,3,INCONCLUSIVE,0.0,6000,1,2026-02-05T23:16:13-03:00
Rust,RustCrypto,rustcrypto::sha3::rustcrypto_sha3_384_ct,4,PASS,0.0,6000,0,2026-02-05T23:16:13-03:00
Rust,RustCrypto,rustcrypto::sha3::rustcrypto_sha3_384_ct,5,INCONCLUSIVE,0.0,6000,0,2026-02-05T23:16:13-03:00
Rust,RustCrypto,rustcrypto::sha3::rustcrypto_sha3_384_ct,6,PASS,0.0,6000,0,2026-02-05T23:16:13-03:00
Rust,RustCrypto,rustcrypto::sha3::rustcrypto_sha3_384_ct,7,PASS,0.0,6000,1,2026-02-05T23:16:14-03:00
Rust,RustCrypto,rustcrypto::sha3::rustcrypto_sha3_384_ct,8,PASS,0.0,6000,0,2026-02-05T23:16:14-03:00
Rust,RustCrypto,rustcrypto::sha3::rustcrypto_sha3_384_ct,9,PASS,0.0,6000,0,2026-02-05T23:16:14-03:00
Rust,RustCrypto,rustcrypto::sha3::rustcrypto_sha3_384_ct,10,INCONCLUSIVE,0.0,6000,0,2026-02-05T23:16:14-03:00
Rust,RustCrypto,rustcrypto::sha3::rustcrypto_sha3_512_ct,1,PASS,0.0,6000,1,2026-02-05T23:16:15-03:00
Rust,RustCrypto,rustcrypto::sha3::rustcrypto_sha3_512_ct,2,PASS,0.0,6000,0,2026-02-05T23:16:15-03:00
Rust,RustCrypto,rustcrypto::sha3::rustcrypto_sha3_512_ct,3,PASS,0.0,6000,0,2026-02-05T23:16:15-03:00
Rust,RustCrypto,rustcrypto::sha3::rustcrypto_sha3_512_ct,4,INCONCLUSIVE,0.0,6000,0,2026-02-05T23:16:15-03:00
Rust,RustCrypto,rustcrypto::sha3::rustcrypto_sha3_512_ct,5,PASS,0.0,6000,1,2026-02-05T23:16:16-03:00
Rust,RustCrypto,rustcrypto::sha3::rustcrypto_sha3_512_ct,6,INCONCLUSIVE,0.0,6000,0,2026-02-05T23:16:16-03:00
Rust,RustCrypto,rustcrypto::sha3::rustcrypto_sha3_512_ct,7,PASS,0.0,6000,0,2026-02-05T23:16:16-03:00
Rust,RustCrypto,rustcrypto::sha3::rustcrypto_sha3_512_ct,8,PASS,0.0,6000,0,2026-02-05T23:16:16-03:00
Rust,RustCrypto,rustcrypto::sha3::rustcrypto_sha3_512_ct,9,PASS,0.1,6000,0,2026-02-05T23:16:16-03:00
Rust,RustCrypto,rustcrypto::sha3::rustcrypto_sha3_512_ct,10,PASS,0.0,6000,0,2026-02-05T23:16:17-03:00
