ecosystem,library,test_name,iteration,outcome,leak_probability,samples,elapsed_sec,timestamp
C/C++,libressl,c_libraries::libressl::libressl_aes_256_gcm_encrypt_constant_time,1,INCONCLUSIVE,0.0,6000,0,2026-02-06T11:37:53+00:00
C/C++,libressl,c_libraries::libressl::libressl_aes_256_gcm_encrypt_constant_time,2,INCONCLUSIVE,0.0,6000,1,2026-02-06T11:37:54+00:00
C/C++,libressl,c_libraries::libressl::libressl_aes_256_gcm_encrypt_constant_time,3,INCONCLUSIVE,0.0,6000,0,2026-02-06T11:37:54+00:00
C/C++,libressl,c_libraries::libressl::libressl_aes_256_gcm_encrypt_constant_time,4,INCONCLUSIVE,0.0,6000,0,2026-02-06T11:37:54+00:00
C/C++,libressl,c_libraries::libressl::libressl_aes_256_gcm_encrypt_constant_time,5,INCONCLUSIVE,0.0,6000,1,2026-02-06T11:37:55+00:00
C/C++,libressl,c_libraries::libressl::libressl_aes_256_gcm_encrypt_constant_time,6,INCONCLUSIVE,0.0,6000,0,2026-02-06T11:37:55+00:00
C/C++,libressl,c_libraries::libressl::libressl_aes_256_gcm_encrypt_constant_time,7,INCONCLUSIVE,0.0,6000,0,2026-02-06T11:37:55+00:00
C/C++,libressl,c_libraries::libressl::libressl_aes_256_gcm_encrypt_constant_time,8,INCONCLUSIVE,0.0,6000,1,2026-02-06T11:37:56+00:00
C/C++,libressl,c_libraries::libressl::libressl_aes_256_gcm_encrypt_constant_time,9,INCONCLUSIVE,0.0,6000,0,2026-02-06T11:37:56+00:00
C/C++,libressl,c_libraries::libressl::libressl_aes_256_gcm_encrypt_constant_time,10,INCONCLUSIVE,0.0,6000,0,2026-02-06T11:37:56+00:00
C/C++,libressl,c_libraries::libressl::libressl_ecdsa_p256_sign_constant_time,1,INCONCLUSIVE,0.0,6000,1,2026-02-06T11:37:57+00:00
C/C++,libressl,c_libraries::libressl::libressl_ecdsa_p256_sign_constant_time,2,INCONCLUSIVE,0.0,6000,1,2026-02-06T11:37:58+00:00
C/C++,libressl,c_libraries::libressl::libressl_ecdsa_p256_sign_constant_time,3,INCONCLUSIVE,0.0,6000,0,2026-02-06T11:37:58+00:00
C/C++,libressl,c_libraries::libressl::libressl_ecdsa_p256_sign_constant_time,4,PASS,0.2,6000,0,2026-02-06T11:37:58+00:00
C/C++,libressl,c_libraries::libressl::libressl_ecdsa_p256_sign_constant_time,5,INCONCLUSIVE,0.0,12000,1,2026-02-06T11:37:59+00:00
C/C++,libressl,c_libraries::libressl::libressl_ecdsa_p256_sign_constant_time,6,INCONCLUSIVE,0.0,6000,1,2026-02-06T11:38:00+00:00
C/C++,libressl,c_libraries::libressl::libressl_ecdsa_p256_sign_constant_time,7,INCONCLUSIVE,0.0,11000,0,2026-02-06T11:38:00+00:00
C/C++,libressl,c_libraries::libressl::libressl_ecdsa_p256_sign_constant_time,8,INCONCLUSIVE,0.0,6000,1,2026-02-06T11:38:01+00:00
C/C++,libressl,c_libraries::libressl::libressl_ecdsa_p256_sign_constant_time,9,INCONCLUSIVE,0.0,6000,1,2026-02-06T11:38:02+00:00
C/C++,libressl,c_libraries::libressl::libressl_ecdsa_p256_sign_constant_time,10,INCONCLUSIVE,0.0,6000,0,2026-02-06T11:38:02+00:00
C/C++,libressl,c_libraries::libressl::libressl_ecdsa_p256_verify_constant_time,1,INCONCLUSIVE,0.0,6000,1,2026-02-06T11:38:04+00:00
C/C++,libressl,c_libraries::libressl::libressl_ecdsa_p256_verify_constant_time,2,INCONCLUSIVE,0.0,6000,1,2026-02-06T11:38:05+00:00
C/C++,libressl,c_libraries::libressl::libressl_ecdsa_p256_verify_constant_time,3,PASS,8.5,6000,1,2026-02-06T11:38:06+00:00
C/C++,libressl,c_libraries::libressl::libressl_ecdsa_p256_verify_constant_time,4,SKIP,0.0,8000,1,2026-02-06T11:38:07+00:00
C/C++,libressl,c_libraries::libressl::libressl_ecdsa_p256_verify_constant_time,5,PASS,1.2,6000,1,2026-02-06T11:38:08+00:00
C/C++,libressl,c_libraries::libressl::libressl_ecdsa_p256_verify_constant_time,6,INCONCLUSIVE,0.0,6000,1,2026-02-06T11:38:09+00:00
C/C++,libressl,c_libraries::libressl::libressl_ecdsa_p256_verify_constant_time,7,INCONCLUSIVE,0.0,6000,1,2026-02-06T11:38:10+00:00
C/C++,libressl,c_libraries::libressl::libressl_ecdsa_p256_verify_constant_time,8,INCONCLUSIVE,0.0,6000,2,2026-02-06T11:38:12+00:00
C/C++,libressl,c_libraries::libressl::libressl_ecdsa_p256_verify_constant_time,9,INCONCLUSIVE,0.0,6000,1,2026-02-06T11:38:13+00:00
C/C++,libressl,c_libraries::libressl::libressl_ecdsa_p256_verify_constant_time,10,PASS,0.0,6000,1,2026-02-06T11:38:14+00:00
C/C++,libressl,c_libraries::libressl::libressl_rsa_2048_oaep_decrypt_constant_time,1,INCONCLUSIVE,0.0,3000,1,2026-02-06T11:38:15+00:00
C/C++,libressl,c_libraries::libressl::libressl_rsa_2048_oaep_decrypt_constant_time,2,INCONCLUSIVE,0.0,3000,2,2026-02-06T11:38:17+00:00
C/C++,libressl,c_libraries::libressl::libressl_rsa_2048_oaep_decrypt_constant_time,3,INCONCLUSIVE,0.0,3000,3,2026-02-06T11:38:20+00:00
C/C++,libressl,c_libraries::libressl::libressl_rsa_2048_oaep_decrypt_constant_time,4,INCONCLUSIVE,0.0,3000,2,2026-02-06T11:38:22+00:00
C/C++,libressl,c_libraries::libressl::libressl_rsa_2048_oaep_decrypt_constant_time,5,INCONCLUSIVE,0.0,3000,2,2026-02-06T11:38:24+00:00
C/C++,libressl,c_libraries::libressl::libressl_rsa_2048_oaep_decrypt_constant_time,6,INCONCLUSIVE,0.0,3000,2,2026-02-06T11:38:26+00:00
C/C++,libressl,c_libraries::libressl::libressl_rsa_2048_oaep_decrypt_constant_time,7,INCONCLUSIVE,0.0,3000,2,2026-02-06T11:38:28+00:00
C/C++,libressl,c_libraries::libressl::libressl_rsa_2048_oaep_decrypt_constant_time,8,INCONCLUSIVE,0.0,3000,2,2026-02-06T11:38:30+00:00
C/C++,libressl,c_libraries::libressl::libressl_rsa_2048_oaep_decrypt_constant_time,9,INCONCLUSIVE,0.0,3000,2,2026-02-06T11:38:32+00:00
C/C++,libressl,c_libraries::libressl::libressl_rsa_2048_oaep_decrypt_constant_time,10,INCONCLUSIVE,0.0,3000,1,2026-02-06T11:38:33+00:00
C/C++,libressl,c_libraries::libressl::libressl_rsa_2048_pkcs1v15_decrypt_constant_time,1,INCONCLUSIVE,0.0,3000,1,2026-02-06T11:38:35+00:00
C/C++,libressl,c_libraries::libressl::libressl_rsa_2048_pkcs1v15_decrypt_constant_time,2,INCONCLUSIVE,0.0,3000,3,2026-02-06T11:38:38+00:00
C/C++,libressl,c_libraries::libressl::libressl_rsa_2048_pkcs1v15_decrypt_constant_time,3,INCONCLUSIVE,0.0,3000,1,2026-02-06T11:38:39+00:00
C/C++,libressl,c_libraries::libressl::libressl_rsa_2048_pkcs1v15_decrypt_constant_time,4,INCONCLUSIVE,0.0,3000,3,2026-02-06T11:38:42+00:00
C/C++,libressl,c_libraries::libressl::libressl_rsa_2048_pkcs1v15_decrypt_constant_time,5,INCONCLUSIVE,0.0,3000,2,2026-02-06T11:38:44+00:00
C/C++,libressl,c_libraries::libressl::libressl_rsa_2048_pkcs1v15_decrypt_constant_time,6,INCONCLUSIVE,0.0,3000,2,2026-02-06T11:38:46+00:00
C/C++,libressl,c_libraries::libressl::libressl_rsa_2048_pkcs1v15_decrypt_constant_time,7,INCONCLUSIVE,0.0,3000,1,2026-02-06T11:38:47+00:00
C/C++,libressl,c_libraries::libressl::libressl_rsa_2048_pkcs1v15_decrypt_constant_time,8,INCONCLUSIVE,0.0,3000,2,2026-02-06T11:38:49+00:00
C/C++,libressl,c_libraries::libressl::libressl_rsa_2048_pkcs1v15_decrypt_constant_time,9,INCONCLUSIVE,0.0,3000,2,2026-02-06T11:38:51+00:00
C/C++,libressl,c_libraries::libressl::libressl_rsa_2048_pkcs1v15_decrypt_constant_time,10,INCONCLUSIVE,0.0,3000,3,2026-02-06T11:38:54+00:00
C/C++,libsodium,c_libraries::libsodium::libsodium_crypto_box_decrypt_constant_time,1,PASS,0.1,6000,0,2026-02-06T11:38:54+00:00
C/C++,libsodium,c_libraries::libsodium::libsodium_crypto_box_decrypt_constant_time,2,PASS,0.0,6000,1,2026-02-06T11:38:55+00:00
C/C++,libsodium,c_libraries::libsodium::libsodium_crypto_box_decrypt_constant_time,3,PASS,0.0,6000,0,2026-02-06T11:38:55+00:00
C/C++,libsodium,c_libraries::libsodium::libsodium_crypto_box_decrypt_constant_time,4,PASS,0.0,6000,1,2026-02-06T11:38:56+00:00
C/C++,libsodium,c_libraries::libsodium::libsodium_crypto_box_decrypt_constant_time,5,PASS,0.0,6000,1,2026-02-06T11:38:57+00:00
C/C++,libsodium,c_libraries::libsodium::libsodium_crypto_box_decrypt_constant_time,6,PASS,4.2,6000,1,2026-02-06T11:38:58+00:00
C/C++,libsodium,c_libraries::libsodium::libsodium_crypto_box_decrypt_constant_time,7,INCONCLUSIVE,0.0,6000,0,2026-02-06T11:38:58+00:00
C/C++,libsodium,c_libraries::libsodium::libsodium_crypto_box_decrypt_constant_time,8,INCONCLUSIVE,0.0,6000,1,2026-02-06T11:39:00+00:00
C/C++,libsodium,c_libraries::libsodium::libsodium_crypto_box_decrypt_constant_time,9,INCONCLUSIVE,0.0,6000,1,2026-02-06T11:39:01+00:00
C/C++,libsodium,c_libraries::libsodium::libsodium_crypto_box_decrypt_constant_time,10,PASS,0.1,6000,0,2026-02-06T11:39:01+00:00
C/C++,libsodium,c_libraries::libsodium::libsodium_crypto_box_encrypt_constant_time,1,PASS,0.0,6000,1,2026-02-06T11:39:02+00:00
C/C++,libsodium,c_libraries::libsodium::libsodium_crypto_box_encrypt_constant_time,2,PASS,0.0,6000,1,2026-02-06T11:39:03+00:00
C/C++,libsodium,c_libraries::libsodium::libsodium_crypto_box_encrypt_constant_time,3,PASS,2.5,6000,0,2026-02-06T11:39:03+00:00
C/C++,libsodium,c_libraries::libsodium::libsodium_crypto_box_encrypt_constant_time,4,PASS,0.0,6000,1,2026-02-06T11:39:04+00:00
C/C++,libsodium,c_libraries::libsodium::libsodium_crypto_box_encrypt_constant_time,5,INCONCLUSIVE,0.0,12000,1,2026-02-06T11:39:05+00:00
C/C++,libsodium,c_libraries::libsodium::libsodium_crypto_box_encrypt_constant_time,6,INCONCLUSIVE,0.0,6000,1,2026-02-06T11:39:06+00:00
C/C++,libsodium,c_libraries::libsodium::libsodium_crypto_box_encrypt_constant_time,7,PASS,0.0,6000,0,2026-02-06T11:39:06+00:00
C/C++,libsodium,c_libraries::libsodium::libsodium_crypto_box_encrypt_constant_time,8,INCONCLUSIVE,0.0,6000,1,2026-02-06T11:39:07+00:00
C/C++,libsodium,c_libraries::libsodium::libsodium_crypto_box_encrypt_constant_time,9,INCONCLUSIVE,0.0,6000,1,2026-02-06T11:39:08+00:00
C/C++,libsodium,c_libraries::libsodium::libsodium_crypto_box_encrypt_constant_time,10,PASS,0.0,6000,1,2026-02-06T11:39:09+00:00
C/C++,libsodium,c_libraries::libsodium::libsodium_crypto_secretbox_decrypt_constant_time,1,INCONCLUSIVE,0.0,6000,0,2026-02-06T11:39:09+00:00
C/C++,libsodium,c_libraries::libsodium::libsodium_crypto_secretbox_decrypt_constant_time,2,INCONCLUSIVE,0.0,6000,0,2026-02-06T11:39:09+00:00
C/C++,libsodium,c_libraries::libsodium::libsodium_crypto_secretbox_decrypt_constant_time,3,INCONCLUSIVE,0.0,6000,1,2026-02-06T11:39:10+00:00
C/C++,libsodium,c_libraries::libsodium::libsodium_crypto_secretbox_decrypt_constant_time,4,PASS,0.0,6000,0,2026-02-06T11:39:10+00:00
C/C++,libsodium,c_libraries::libsodium::libsodium_crypto_secretbox_decrypt_constant_time,5,PASS,0.0,6000,0,2026-02-06T11:39:10+00:00
C/C++,libsodium,c_libraries::libsodium::libsodium_crypto_secretbox_decrypt_constant_time,6,INCONCLUSIVE,0.0,6000,0,2026-02-06T11:39:10+00:00
C/C++,libsodium,c_libraries::libsodium::libsodium_crypto_secretbox_decrypt_constant_time,7,PASS,0.0,6000,0,2026-02-06T11:39:10+00:00
C/C++,libsodium,c_libraries::libsodium::libsodium_crypto_secretbox_decrypt_constant_time,8,PASS,0.0,6000,1,2026-02-06T11:39:11+00:00
C/C++,libsodium,c_libraries::libsodium::libsodium_crypto_secretbox_decrypt_constant_time,9,PASS,0.0,6000,0,2026-02-06T11:39:11+00:00
C/C++,libsodium,c_libraries::libsodium::libsodium_crypto_secretbox_decrypt_constant_time,10,INCONCLUSIVE,0.0,6000,0,2026-02-06T11:39:11+00:00
C/C++,libsodium,c_libraries::libsodium::libsodium_crypto_secretbox_encrypt_constant_time,1,INCONCLUSIVE,0.0,6000,0,2026-02-06T11:39:11+00:00
C/C++,libsodium,c_libraries::libsodium::libsodium_crypto_secretbox_encrypt_constant_time,2,INCONCLUSIVE,0.0,6000,1,2026-02-06T11:39:12+00:00
C/C++,libsodium,c_libraries::libsodium::libsodium_crypto_secretbox_encrypt_constant_time,3,INCONCLUSIVE,0.0,6000,0,2026-02-06T11:39:12+00:00
C/C++,libsodium,c_libraries::libsodium::libsodium_crypto_secretbox_encrypt_constant_time,4,INCONCLUSIVE,0.0,6000,1,2026-02-06T11:39:13+00:00
C/C++,libsodium,c_libraries::libsodium::libsodium_crypto_secretbox_encrypt_constant_time,5,INCONCLUSIVE,0.0,6000,0,2026-02-06T11:39:13+00:00
C/C++,libsodium,c_libraries::libsodium::libsodium_crypto_secretbox_encrypt_constant_time,6,PASS,0.0,6000,0,2026-02-06T11:39:13+00:00
C/C++,libsodium,c_libraries::libsodium::libsodium_crypto_secretbox_encrypt_constant_time,7,INCONCLUSIVE,0.0,6000,1,2026-02-06T11:39:14+00:00
C/C++,libsodium,c_libraries::libsodium::libsodium_crypto_secretbox_encrypt_constant_time,8,INCONCLUSIVE,0.0,6000,0,2026-02-06T11:39:14+00:00
C/C++,libsodium,c_libraries::libsodium::libsodium_crypto_secretbox_encrypt_constant_time,9,INCONCLUSIVE,0.0,6000,0,2026-02-06T11:39:14+00:00
C/C++,libsodium,c_libraries::libsodium::libsodium_crypto_secretbox_encrypt_constant_time,10,INCONCLUSIVE,0.0,6000,1,2026-02-06T11:39:15+00:00
C/C++,libsodium,c_libraries::libsodium::libsodium_ed25519_sign_constant_time,1,INCONCLUSIVE,0.0,6000,0,2026-02-06T11:39:15+00:00
C/C++,libsodium,c_libraries::libsodium::libsodium_ed25519_sign_constant_time,2,INCONCLUSIVE,0.0,31000,2,2026-02-06T11:39:17+00:00
C/C++,libsodium,c_libraries::libsodium::libsodium_ed25519_sign_constant_time,3,PASS,0.4,6000,0,2026-02-06T11:39:17+00:00
C/C++,libsodium,c_libraries::libsodium::libsodium_ed25519_sign_constant_time,4,PASS,0.1,6000,1,2026-02-06T11:39:18+00:00
C/C++,libsodium,c_libraries::libsodium::libsodium_ed25519_sign_constant_time,5,PASS,3.4,7000,0,2026-02-06T11:39:18+00:00
C/C++,libsodium,c_libraries::libsodium::libsodium_ed25519_sign_constant_time,6,PASS,4.6,6000,0,2026-02-06T11:39:18+00:00
C/C++,libsodium,c_libraries::libsodium::libsodium_ed25519_sign_constant_time,7,PASS,0.0,6000,1,2026-02-06T11:39:19+00:00
C/C++,libsodium,c_libraries::libsodium::libsodium_ed25519_sign_constant_time,8,PASS,0.5,6000,0,2026-02-06T11:39:19+00:00
C/C++,libsodium,c_libraries::libsodium::libsodium_ed25519_sign_constant_time,9,INCONCLUSIVE,0.0,6000,1,2026-02-06T11:39:20+00:00
C/C++,libsodium,c_libraries::libsodium::libsodium_ed25519_sign_constant_time,10,INCONCLUSIVE,0.0,6000,0,2026-02-06T11:39:20+00:00
C/C++,libsodium,c_libraries::libsodium::libsodium_ed25519_verify_constant_time,1,PASS,9.1,7000,1,2026-02-06T11:39:21+00:00
C/C++,libsodium,c_libraries::libsodium::libsodium_ed25519_verify_constant_time,2,INCONCLUSIVE,0.0,6000,1,2026-02-06T11:39:22+00:00
C/C++,libsodium,c_libraries::libsodium::libsodium_ed25519_verify_constant_time,3,PASS,0.5,6000,1,2026-02-06T11:39:23+00:00
C/C++,libsodium,c_libraries::libsodium::libsodium_ed25519_verify_constant_time,4,PASS,0.8,6000,1,2026-02-06T11:39:24+00:00
C/C++,libsodium,c_libraries::libsodium::libsodium_ed25519_verify_constant_time,5,PASS,0.5,6000,1,2026-02-06T11:39:25+00:00
C/C++,libsodium,c_libraries::libsodium::libsodium_ed25519_verify_constant_time,6,PASS,0.0,6000,0,2026-02-06T11:39:25+00:00
C/C++,libsodium,c_libraries::libsodium::libsodium_ed25519_verify_constant_time,7,PASS,0.0,6000,1,2026-02-06T11:39:26+00:00
C/C++,libsodium,c_libraries::libsodium::libsodium_ed25519_verify_constant_time,8,INCONCLUSIVE,0.0,7000,1,2026-02-06T11:39:27+00:00
C/C++,libsodium,c_libraries::libsodium::libsodium_ed25519_verify_constant_time,9,INCONCLUSIVE,0.0,6000,1,2026-02-06T11:39:28+00:00
C/C++,libsodium,c_libraries::libsodium::libsodium_ed25519_verify_constant_time,10,INCONCLUSIVE,0.0,6000,2,2026-02-06T11:39:30+00:00
C/C++,libsodium,c_libraries::libsodium::libsodium_x25519_scalar_mult_constant_time,1,INCONCLUSIVE,0.0,6000,1,2026-02-06T11:39:31+00:00
C/C++,libsodium,c_libraries::libsodium::libsodium_x25519_scalar_mult_constant_time,2,INCONCLUSIVE,0.0,6000,1,2026-02-06T11:39:32+00:00
C/C++,libsodium,c_libraries::libsodium::libsodium_x25519_scalar_mult_constant_time,3,INCONCLUSIVE,0.0,6000,1,2026-02-06T11:39:33+00:00
C/C++,libsodium,c_libraries::libsodium::libsodium_x25519_scalar_mult_constant_time,4,PASS,0.1,6000,0,2026-02-06T11:39:33+00:00
C/C++,libsodium,c_libraries::libsodium::libsodium_x25519_scalar_mult_constant_time,5,PASS,0.0,6000,1,2026-02-06T11:39:34+00:00
C/C++,libsodium,c_libraries::libsodium::libsodium_x25519_scalar_mult_constant_time,6,PASS,1.8,6000,1,2026-02-06T11:39:35+00:00
C/C++,libsodium,c_libraries::libsodium::libsodium_x25519_scalar_mult_constant_time,7,PASS,0.0,6000,0,2026-02-06T11:39:35+00:00
C/C++,libsodium,c_libraries::libsodium::libsodium_x25519_scalar_mult_constant_time,8,PASS,0.0,6000,1,2026-02-06T11:39:36+00:00
C/C++,libsodium,c_libraries::libsodium::libsodium_x25519_scalar_mult_constant_time,9,INCONCLUSIVE,0.0,6000,1,2026-02-06T11:39:37+00:00
C/C++,libsodium,c_libraries::libsodium::libsodium_x25519_scalar_mult_constant_time,10,PASS,0.0,6000,1,2026-02-06T11:39:38+00:00
Rust,dalek,dalek::x25519::x25519_byte_pattern_independence,1,INCONCLUSIVE,0.0,0,0,2026-02-06T11:39:38+00:00
Rust,dalek,dalek::x25519::x25519_byte_pattern_independence,2,INCONCLUSIVE,0.0,0,1,2026-02-06T11:39:39+00:00
Rust,dalek,dalek::x25519::x25519_byte_pattern_independence,3,INCONCLUSIVE,0.0,0,2,2026-02-06T11:39:41+00:00
Rust,dalek,dalek::x25519::x25519_byte_pattern_independence,4,INCONCLUSIVE,0.0,0,1,2026-02-06T11:39:42+00:00
Rust,dalek,dalek::x25519::x25519_byte_pattern_independence,5,PASS,0.0,6000,0,2026-02-06T11:39:42+00:00
Rust,dalek,dalek::x25519::x25519_byte_pattern_independence,6,PASS,0.0,6000,1,2026-02-06T11:39:43+00:00
Rust,dalek,dalek::x25519::x25519_byte_pattern_independence,7,PASS,0.0,6000,1,2026-02-06T11:39:44+00:00
Rust,dalek,dalek::x25519::x25519_byte_pattern_independence,8,PASS,0.0,6000,0,2026-02-06T11:39:44+00:00
Rust,dalek,dalek::x25519::x25519_byte_pattern_independence,9,PASS,3.9,6000,1,2026-02-06T11:39:45+00:00
Rust,dalek,dalek::x25519::x25519_byte_pattern_independence,10,INCONCLUSIVE,0.0,0,1,2026-02-06T11:39:46+00:00
Rust,dalek,dalek::x25519::x25519_different_basepoints_constant_time,1,INCONCLUSIVE,0.0,0,1,2026-02-06T11:39:47+00:00
Rust,dalek,dalek::x25519::x25519_different_basepoints_constant_time,2,PASS,0.0,6000,1,2026-02-06T11:39:48+00:00
Rust,dalek,dalek::x25519::x25519_different_basepoints_constant_time,3,INCONCLUSIVE,0.0,0,1,2026-02-06T11:39:49+00:00
Rust,dalek,dalek::x25519::x25519_different_basepoints_constant_time,4,INCONCLUSIVE,0.0,0,1,2026-02-06T11:39:50+00:00
Rust,dalek,dalek::x25519::x25519_different_basepoints_constant_time,5,SKIP,0.0,0,1,2026-02-06T11:39:51+00:00
Rust,dalek,dalek::x25519::x25519_different_basepoints_constant_time,6,PASS,0.0,6000,1,2026-02-06T11:39:52+00:00
Rust,dalek,dalek::x25519::x25519_different_basepoints_constant_time,7,INCONCLUSIVE,0.0,0,1,2026-02-06T11:39:53+00:00
Rust,dalek,dalek::x25519::x25519_different_basepoints_constant_time,8,INCONCLUSIVE,0.0,0,1,2026-02-06T11:39:54+00:00
Rust,dalek,dalek::x25519::x25519_different_basepoints_constant_time,9,INCONCLUSIVE,0.0,0,1,2026-02-06T11:39:55+00:00
Rust,dalek,dalek::x25519::x25519_different_basepoints_constant_time,10,PASS,0.0,6000,1,2026-02-06T11:39:56+00:00
Rust,dalek,dalek::x25519::x25519_ecdh_exchange_constant_time,1,INCONCLUSIVE,0.0,0,1,2026-02-06T11:39:57+00:00
Rust,dalek,dalek::x25519::x25519_ecdh_exchange_constant_time,2,PASS,0.1,6000,1,2026-02-06T11:39:58+00:00
Rust,dalek,dalek::x25519::x25519_ecdh_exchange_constant_time,3,PASS,0.0,6000,0,2026-02-06T11:39:58+00:00
Rust,dalek,dalek::x25519::x25519_ecdh_exchange_constant_time,4,PASS,0.1,6000,1,2026-02-06T11:39:59+00:00
Rust,dalek,dalek::x25519::x25519_ecdh_exchange_constant_time,5,PASS,0.1,6000,1,2026-02-06T11:40:00+00:00
Rust,dalek,dalek::x25519::x25519_ecdh_exchange_constant_time,6,PASS,0.1,6000,0,2026-02-06T11:40:00+00:00
Rust,dalek,dalek::x25519::x25519_ecdh_exchange_constant_time,7,PASS,0.0,6000,1,2026-02-06T11:40:01+00:00
Rust,dalek,dalek::x25519::x25519_ecdh_exchange_constant_time,8,INCONCLUSIVE,0.0,0,1,2026-02-06T11:40:02+00:00
Rust,dalek,dalek::x25519::x25519_ecdh_exchange_constant_time,9,INCONCLUSIVE,0.0,0,1,2026-02-06T11:40:03+00:00
Rust,dalek,dalek::x25519::x25519_ecdh_exchange_constant_time,10,INCONCLUSIVE,0.0,0,1,2026-02-06T11:40:04+00:00
Rust,dalek,dalek::x25519::x25519_hamming_weight_independence,1,INCONCLUSIVE,0.0,0,1,2026-02-06T11:40:05+00:00
Rust,dalek,dalek::x25519::x25519_hamming_weight_independence,2,INCONCLUSIVE,0.0,0,1,2026-02-06T11:40:06+00:00
Rust,dalek,dalek::x25519::x25519_hamming_weight_independence,3,PASS,0.1,6000,1,2026-02-06T11:40:07+00:00
Rust,dalek,dalek::x25519::x25519_hamming_weight_independence,4,PASS,4.2,6000,1,2026-02-06T11:40:08+00:00
Rust,dalek,dalek::x25519::x25519_hamming_weight_independence,5,INCONCLUSIVE,0.0,0,1,2026-02-06T11:40:09+00:00
Rust,dalek,dalek::x25519::x25519_hamming_weight_independence,6,PASS,0.0,6000,1,2026-02-06T11:40:10+00:00
Rust,dalek,dalek::x25519::x25519_hamming_weight_independence,7,PASS,0.0,6000,0,2026-02-06T11:40:10+00:00
Rust,dalek,dalek::x25519::x25519_hamming_weight_independence,8,INCONCLUSIVE,0.0,0,1,2026-02-06T11:40:11+00:00
Rust,dalek,dalek::x25519::x25519_hamming_weight_independence,9,INCONCLUSIVE,0.0,0,2,2026-02-06T11:40:13+00:00
Rust,dalek,dalek::x25519::x25519_hamming_weight_independence,10,INCONCLUSIVE,0.0,0,1,2026-02-06T11:40:14+00:00
Rust,dalek,dalek::x25519::x25519_multiple_operations_constant_time,1,PASS,10.0,12000,3,2026-02-06T11:40:17+00:00
Rust,dalek,dalek::x25519::x25519_multiple_operations_constant_time,2,PASS,11.7,6000,1,2026-02-06T11:40:18+00:00
Rust,dalek,dalek::x25519::x25519_multiple_operations_constant_time,3,INCONCLUSIVE,0.0,0,3,2026-02-06T11:40:21+00:00
Rust,dalek,dalek::x25519::x25519_multiple_operations_constant_time,4,INCONCLUSIVE,0.0,0,2,2026-02-06T11:40:23+00:00
Rust,dalek,dalek::x25519::x25519_multiple_operations_constant_time,5,PASS,0.5,6000,2,2026-02-06T11:40:25+00:00
Rust,dalek,dalek::x25519::x25519_multiple_operations_constant_time,6,INCONCLUSIVE,0.0,0,2,2026-02-06T11:40:27+00:00
Rust,dalek,dalek::x25519::x25519_multiple_operations_constant_time,7,INCONCLUSIVE,0.0,0,2,2026-02-06T11:40:29+00:00
Rust,dalek,dalek::x25519::x25519_multiple_operations_constant_time,8,INCONCLUSIVE,0.0,0,2,2026-02-06T11:40:31+00:00
Rust,dalek,dalek::x25519::x25519_multiple_operations_constant_time,9,INCONCLUSIVE,0.0,0,2,2026-02-06T11:40:33+00:00
Rust,dalek,dalek::x25519::x25519_multiple_operations_constant_time,10,PASS,0.5,6000,2,2026-02-06T11:40:35+00:00
Rust,dalek,dalek::x25519::x25519_scalar_clamping_constant_time,1,INCONCLUSIVE,0.0,0,0,2026-02-06T11:40:35+00:00
Rust,dalek,dalek::x25519::x25519_scalar_clamping_constant_time,2,INCONCLUSIVE,0.0,0,1,2026-02-06T11:40:36+00:00
Rust,dalek,dalek::x25519::x25519_scalar_clamping_constant_time,3,INCONCLUSIVE,0.0,0,1,2026-02-06T11:40:37+00:00
Rust,dalek,dalek::x25519::x25519_scalar_clamping_constant_time,4,PASS,9.9,6000,1,2026-02-06T11:40:38+00:00
Rust,dalek,dalek::x25519::x25519_scalar_clamping_constant_time,5,INCONCLUSIVE,0.0,0,1,2026-02-06T11:40:39+00:00
Rust,dalek,dalek::x25519::x25519_scalar_clamping_constant_time,6,INCONCLUSIVE,0.0,0,2,2026-02-06T11:40:41+00:00
Rust,dalek,dalek::x25519::x25519_scalar_clamping_constant_time,7,PASS,0.0,6000,0,2026-02-06T11:40:41+00:00
Rust,dalek,dalek::x25519::x25519_scalar_clamping_constant_time,8,PASS,0.0,6000,1,2026-02-06T11:40:42+00:00
Rust,dalek,dalek::x25519::x25519_scalar_clamping_constant_time,9,PASS,6.8,6000,1,2026-02-06T11:40:43+00:00
Rust,dalek,dalek::x25519::x25519_scalar_clamping_constant_time,10,PASS,0.1,6000,1,2026-02-06T11:40:44+00:00
Rust,dalek,dalek::x25519::x25519_scalar_mult_constant_time,1,INCONCLUSIVE,0.0,0,1,2026-02-06T11:40:45+00:00
Rust,dalek,dalek::x25519::x25519_scalar_mult_constant_time,2,INCONCLUSIVE,0.0,0,1,2026-02-06T11:40:46+00:00
Rust,dalek,dalek::x25519::x25519_scalar_mult_constant_time,3,PASS,11.2,6000,1,2026-02-06T11:40:47+00:00
Rust,dalek,dalek::x25519::x25519_scalar_mult_constant_time,4,INCONCLUSIVE,0.0,0,2,2026-02-06T11:40:49+00:00
Rust,dalek,dalek::x25519::x25519_scalar_mult_constant_time,5,INCONCLUSIVE,0.0,0,1,2026-02-06T11:40:50+00:00
Rust,dalek,dalek::x25519::x25519_scalar_mult_constant_time,6,INCONCLUSIVE,0.0,0,1,2026-02-06T11:40:51+00:00
Rust,dalek,dalek::x25519::x25519_scalar_mult_constant_time,7,PASS,0.1,6000,1,2026-02-06T11:40:52+00:00
Rust,dalek,dalek::x25519::x25519_scalar_mult_constant_time,8,PASS,0.0,6000,0,2026-02-06T11:40:52+00:00
Rust,dalek,dalek::x25519::x25519_scalar_mult_constant_time,9,INCONCLUSIVE,0.0,0,1,2026-02-06T11:40:53+00:00
Rust,dalek,dalek::x25519::x25519_scalar_mult_constant_time,10,INCONCLUSIVE,0.0,0,1,2026-02-06T11:40:54+00:00
Rust,pqcrypto,pqcrypto::dilithium::pqcrypto_dilithium3_keypair_ct,1,INCONCLUSIVE,0.0,6000,1,2026-02-06T11:40:55+00:00
Rust,pqcrypto,pqcrypto::dilithium::pqcrypto_dilithium3_keypair_ct,2,INCONCLUSIVE,0.0,6000,1,2026-02-06T11:40:56+00:00
Rust,pqcrypto,pqcrypto::dilithium::pqcrypto_dilithium3_keypair_ct,3,INCONCLUSIVE,0.0,6000,1,2026-02-06T11:40:57+00:00
Rust,pqcrypto,pqcrypto::dilithium::pqcrypto_dilithium3_keypair_ct,4,INCONCLUSIVE,0.0,6000,1,2026-02-06T11:40:58+00:00
Rust,pqcrypto,pqcrypto::dilithium::pqcrypto_dilithium3_keypair_ct,5,INCONCLUSIVE,0.0,6000,1,2026-02-06T11:41:00+00:00
Rust,pqcrypto,pqcrypto::dilithium::pqcrypto_dilithium3_keypair_ct,6,INCONCLUSIVE,0.0,6000,0,2026-02-06T11:41:00+00:00
Rust,pqcrypto,pqcrypto::dilithium::pqcrypto_dilithium3_keypair_ct,7,INCONCLUSIVE,0.0,6000,1,2026-02-06T11:41:01+00:00
Rust,pqcrypto,pqcrypto::dilithium::pqcrypto_dilithium3_keypair_ct,8,INCONCLUSIVE,0.0,6000,1,2026-02-06T11:41:02+00:00
Rust,pqcrypto,pqcrypto::dilithium::pqcrypto_dilithium3_keypair_ct,9,INCONCLUSIVE,0.0,6000,0,2026-02-06T11:41:02+00:00
Rust,pqcrypto,pqcrypto::dilithium::pqcrypto_dilithium3_keypair_ct,10,INCONCLUSIVE,0.0,6000,1,2026-02-06T11:41:03+00:00
Rust,pqcrypto,pqcrypto::dilithium::pqcrypto_dilithium3_message_hamming,1,UNKNOWN,100.0,6000,2,2026-02-06T11:41:05+00:00
Rust,pqcrypto,pqcrypto::dilithium::pqcrypto_dilithium3_message_hamming,2,UNKNOWN,100.0,8000,2,2026-02-06T11:41:07+00:00
Rust,pqcrypto,pqcrypto::dilithium::pqcrypto_dilithium3_message_hamming,3,INCONCLUSIVE,0.0,6000,1,2026-02-06T11:41:08+00:00
Rust,pqcrypto,pqcrypto::dilithium::pqcrypto_dilithium3_message_hamming,4,UNKNOWN,100.0,6000,1,2026-02-06T11:41:09+00:00
Rust,pqcrypto,pqcrypto::dilithium::pqcrypto_dilithium3_message_hamming,5,INCONCLUSIVE,0.0,6000,1,2026-02-06T11:41:10+00:00
Rust,pqcrypto,pqcrypto::dilithium::pqcrypto_dilithium3_message_hamming,6,INCONCLUSIVE,0.0,6000,2,2026-02-06T11:41:12+00:00
Rust,pqcrypto,pqcrypto::dilithium::pqcrypto_dilithium3_message_hamming,7,UNKNOWN,100.0,6000,1,2026-02-06T11:41:13+00:00
Rust,pqcrypto,pqcrypto::dilithium::pqcrypto_dilithium3_message_hamming,8,UNKNOWN,100.0,6000,2,2026-02-06T11:41:15+00:00
Rust,pqcrypto,pqcrypto::dilithium::pqcrypto_dilithium3_message_hamming,9,UNKNOWN,100.0,6000,3,2026-02-06T11:41:18+00:00
Rust,pqcrypto,pqcrypto::dilithium::pqcrypto_dilithium3_message_hamming,10,INCONCLUSIVE,0.0,6000,1,2026-02-06T11:41:19+00:00
Rust,pqcrypto,pqcrypto::dilithium::pqcrypto_dilithium3_sign_ct,1,INCONCLUSIVE,0.0,6000,3,2026-02-06T11:41:22+00:00
Rust,pqcrypto,pqcrypto::dilithium::pqcrypto_dilithium3_sign_ct,2,INCONCLUSIVE,0.0,6000,0,2026-02-06T11:41:22+00:00
Rust,pqcrypto,pqcrypto::dilithium::pqcrypto_dilithium3_sign_ct,3,INCONCLUSIVE,0.0,6000,1,2026-02-06T11:41:23+00:00
Rust,pqcrypto,pqcrypto::dilithium::pqcrypto_dilithium3_sign_ct,4,INCONCLUSIVE,0.0,6000,2,2026-02-06T11:41:26+00:00
Rust,pqcrypto,pqcrypto::dilithium::pqcrypto_dilithium3_sign_ct,5,INCONCLUSIVE,0.0,6000,1,2026-02-06T11:41:27+00:00
Rust,pqcrypto,pqcrypto::dilithium::pqcrypto_dilithium3_sign_ct,6,INCONCLUSIVE,0.0,6000,1,2026-02-06T11:41:28+00:00
Rust,pqcrypto,pqcrypto::dilithium::pqcrypto_dilithium3_sign_ct,7,INCONCLUSIVE,0.0,6000,2,2026-02-06T11:41:30+00:00
Rust,pqcrypto,pqcrypto::dilithium::pqcrypto_dilithium3_sign_ct,8,INCONCLUSIVE,0.0,6000,1,2026-02-06T11:41:31+00:00
Rust,pqcrypto,pqcrypto::dilithium::pqcrypto_dilithium3_sign_ct,9,INCONCLUSIVE,0.0,6000,1,2026-02-06T11:41:32+00:00
Rust,pqcrypto,pqcrypto::dilithium::pqcrypto_dilithium3_sign_ct,10,INCONCLUSIVE,0.0,6000,1,2026-02-06T11:41:33+00:00
Rust,pqcrypto,pqcrypto::falcon::pqcrypto_falcon512_sign_ct,1,INCONCLUSIVE,0.0,6000,4,2026-02-06T11:41:37+00:00
Rust,pqcrypto,pqcrypto::falcon::pqcrypto_falcon512_sign_ct,2,INCONCLUSIVE,0.0,6000,3,2026-02-06T11:41:40+00:00
Rust,pqcrypto,pqcrypto::falcon::pqcrypto_falcon512_sign_ct,3,INCONCLUSIVE,0.0,6000,2,2026-02-06T11:41:42+00:00
Rust,pqcrypto,pqcrypto::falcon::pqcrypto_falcon512_sign_ct,4,INCONCLUSIVE,0.0,6000,2,2026-02-06T11:41:44+00:00
Rust,pqcrypto,pqcrypto::falcon::pqcrypto_falcon512_sign_ct,5,INCONCLUSIVE,0.0,6000,3,2026-02-06T11:41:47+00:00
Rust,pqcrypto,pqcrypto::falcon::pqcrypto_falcon512_sign_ct,6,INCONCLUSIVE,0.0,6000,3,2026-02-06T11:41:51+00:00
Rust,pqcrypto,pqcrypto::falcon::pqcrypto_falcon512_sign_ct,7,INCONCLUSIVE,0.0,6000,2,2026-02-06T11:41:53+00:00
Rust,pqcrypto,pqcrypto::falcon::pqcrypto_falcon512_sign_ct,8,INCONCLUSIVE,0.0,6000,3,2026-02-06T11:41:56+00:00
Rust,pqcrypto,pqcrypto::falcon::pqcrypto_falcon512_sign_ct,9,INCONCLUSIVE,0.0,6000,3,2026-02-06T11:41:59+00:00
Rust,pqcrypto,pqcrypto::falcon::pqcrypto_falcon512_sign_ct,10,INCONCLUSIVE,0.0,6000,3,2026-02-06T11:42:02+00:00
Rust,pqcrypto,pqcrypto::falcon::pqcrypto_falcon512_verify_ct,1,UNKNOWN,100.0,6000,1,2026-02-06T11:42:03+00:00
Rust,pqcrypto,pqcrypto::falcon::pqcrypto_falcon512_verify_ct,2,UNKNOWN,100.0,6000,2,2026-02-06T11:42:05+00:00
Rust,pqcrypto,pqcrypto::falcon::pqcrypto_falcon512_verify_ct,3,INCONCLUSIVE,0.0,6000,1,2026-02-06T11:42:06+00:00
Rust,pqcrypto,pqcrypto::falcon::pqcrypto_falcon512_verify_ct,4,UNKNOWN,100.0,6000,1,2026-02-06T11:42:07+00:00
Rust,pqcrypto,pqcrypto::falcon::pqcrypto_falcon512_verify_ct,5,UNKNOWN,100.0,6000,2,2026-02-06T11:42:09+00:00
Rust,pqcrypto,pqcrypto::falcon::pqcrypto_falcon512_verify_ct,6,UNKNOWN,100.0,6000,1,2026-02-06T11:42:10+00:00
Rust,pqcrypto,pqcrypto::falcon::pqcrypto_falcon512_verify_ct,7,UNKNOWN,100.0,6000,1,2026-02-06T11:42:11+00:00
Rust,pqcrypto,pqcrypto::falcon::pqcrypto_falcon512_verify_ct,8,UNKNOWN,100.0,6000,1,2026-02-06T11:42:12+00:00
Rust,pqcrypto,pqcrypto::falcon::pqcrypto_falcon512_verify_ct,9,INCONCLUSIVE,0.0,6000,2,2026-02-06T11:42:14+00:00
Rust,pqcrypto,pqcrypto::falcon::pqcrypto_falcon512_verify_ct,10,UNKNOWN,100.0,6000,1,2026-02-06T11:42:15+00:00
Rust,pqcrypto,pqcrypto::kyber::pqcrypto_kyber768_ciphertext_independence,1,INCONCLUSIVE,0.0,6000,1,2026-02-06T11:42:16+00:00
Rust,pqcrypto,pqcrypto::kyber::pqcrypto_kyber768_ciphertext_independence,2,INCONCLUSIVE,0.0,6000,1,2026-02-06T11:42:17+00:00
Rust,pqcrypto,pqcrypto::kyber::pqcrypto_kyber768_ciphertext_independence,3,INCONCLUSIVE,0.0,6000,0,2026-02-06T11:42:17+00:00
Rust,pqcrypto,pqcrypto::kyber::pqcrypto_kyber768_ciphertext_independence,4,INCONCLUSIVE,0.0,6000,0,2026-02-06T11:42:18+00:00
Rust,pqcrypto,pqcrypto::kyber::pqcrypto_kyber768_ciphertext_independence,5,INCONCLUSIVE,0.0,6000,1,2026-02-06T11:42:19+00:00
Rust,pqcrypto,pqcrypto::kyber::pqcrypto_kyber768_ciphertext_independence,6,INCONCLUSIVE,0.0,6000,0,2026-02-06T11:42:19+00:00
Rust,pqcrypto,pqcrypto::kyber::pqcrypto_kyber768_ciphertext_independence,7,INCONCLUSIVE,0.0,6000,1,2026-02-06T11:42:20+00:00
Rust,pqcrypto,pqcrypto::kyber::pqcrypto_kyber768_ciphertext_independence,8,INCONCLUSIVE,0.0,6000,0,2026-02-06T11:42:20+00:00
Rust,pqcrypto,pqcrypto::kyber::pqcrypto_kyber768_ciphertext_independence,9,INCONCLUSIVE,0.0,6000,1,2026-02-06T11:42:21+00:00
Rust,pqcrypto,pqcrypto::kyber::pqcrypto_kyber768_ciphertext_independence,10,INCONCLUSIVE,0.0,6000,0,2026-02-06T11:42:21+00:00
Rust,pqcrypto,pqcrypto::kyber::pqcrypto_kyber768_decapsulate_ct,1,INCONCLUSIVE,0.0,6000,1,2026-02-06T11:42:22+00:00
Rust,pqcrypto,pqcrypto::kyber::pqcrypto_kyber768_decapsulate_ct,2,INCONCLUSIVE,0.0,6000,0,2026-02-06T11:42:22+00:00
Rust,pqcrypto,pqcrypto::kyber::pqcrypto_kyber768_decapsulate_ct,3,INCONCLUSIVE,0.0,6000,1,2026-02-06T11:42:23+00:00
Rust,pqcrypto,pqcrypto::kyber::pqcrypto_kyber768_decapsulate_ct,4,INCONCLUSIVE,0.0,6000,1,2026-02-06T11:42:24+00:00
Rust,pqcrypto,pqcrypto::kyber::pqcrypto_kyber768_decapsulate_ct,5,INCONCLUSIVE,0.0,6000,0,2026-02-06T11:42:24+00:00
Rust,pqcrypto,pqcrypto::kyber::pqcrypto_kyber768_decapsulate_ct,6,INCONCLUSIVE,0.0,6000,1,2026-02-06T11:42:25+00:00
Rust,pqcrypto,pqcrypto::kyber::pqcrypto_kyber768_decapsulate_ct,7,INCONCLUSIVE,0.0,6000,1,2026-02-06T11:42:26+00:00
Rust,pqcrypto,pqcrypto::kyber::pqcrypto_kyber768_decapsulate_ct,8,INCONCLUSIVE,0.0,6000,1,2026-02-06T11:42:27+00:00
Rust,pqcrypto,pqcrypto::kyber::pqcrypto_kyber768_decapsulate_ct,9,INCONCLUSIVE,0.0,6000,0,2026-02-06T11:42:27+00:00
Rust,pqcrypto,pqcrypto::kyber::pqcrypto_kyber768_decapsulate_ct,10,INCONCLUSIVE,0.0,6000,0,2026-02-06T11:42:28+00:00
Rust,pqcrypto,pqcrypto::kyber::pqcrypto_kyber768_encapsulate_ct,1,INCONCLUSIVE,0.0,6000,1,2026-02-06T11:42:29+00:00
Rust,pqcrypto,pqcrypto::kyber::pqcrypto_kyber768_encapsulate_ct,2,INCONCLUSIVE,0.0,6000,1,2026-02-06T11:42:30+00:00
Rust,pqcrypto,pqcrypto::kyber::pqcrypto_kyber768_encapsulate_ct,3,INCONCLUSIVE,0.0,6000,0,2026-02-06T11:42:30+00:00
Rust,pqcrypto,pqcrypto::kyber::pqcrypto_kyber768_encapsulate_ct,4,INCONCLUSIVE,0.0,6000,1,2026-02-06T11:42:31+00:00
Rust,pqcrypto,pqcrypto::kyber::pqcrypto_kyber768_encapsulate_ct,5,INCONCLUSIVE,0.0,6000,0,2026-02-06T11:42:31+00:00
Rust,pqcrypto,pqcrypto::kyber::pqcrypto_kyber768_encapsulate_ct,6,INCONCLUSIVE,0.0,6000,1,2026-02-06T11:42:32+00:00
Rust,pqcrypto,pqcrypto::kyber::pqcrypto_kyber768_encapsulate_ct,7,INCONCLUSIVE,0.0,6000,0,2026-02-06T11:42:32+00:00
Rust,pqcrypto,pqcrypto::kyber::pqcrypto_kyber768_encapsulate_ct,8,INCONCLUSIVE,0.0,6000,1,2026-02-06T11:42:33+00:00
Rust,pqcrypto,pqcrypto::kyber::pqcrypto_kyber768_encapsulate_ct,9,INCONCLUSIVE,0.0,6000,1,2026-02-06T11:42:34+00:00
Rust,pqcrypto,pqcrypto::kyber::pqcrypto_kyber768_encapsulate_ct,10,INCONCLUSIVE,0.0,6000,0,2026-02-06T11:42:34+00:00
Rust,pqcrypto,pqcrypto::kyber::pqcrypto_kyber768_keypair_ct,1,INCONCLUSIVE,0.0,6000,1,2026-02-06T11:42:35+00:00
Rust,pqcrypto,pqcrypto::kyber::pqcrypto_kyber768_keypair_ct,2,INCONCLUSIVE,0.0,6000,0,2026-02-06T11:42:35+00:00
Rust,pqcrypto,pqcrypto::kyber::pqcrypto_kyber768_keypair_ct,3,INCONCLUSIVE,0.0,6000,1,2026-02-06T11:42:36+00:00
Rust,pqcrypto,pqcrypto::kyber::pqcrypto_kyber768_keypair_ct,4,INCONCLUSIVE,0.0,6000,0,2026-02-06T11:42:36+00:00
Rust,pqcrypto,pqcrypto::kyber::pqcrypto_kyber768_keypair_ct,5,INCONCLUSIVE,0.0,6000,1,2026-02-06T11:42:37+00:00
Rust,pqcrypto,pqcrypto::kyber::pqcrypto_kyber768_keypair_ct,6,INCONCLUSIVE,0.0,6000,0,2026-02-06T11:42:37+00:00
Rust,pqcrypto,pqcrypto::kyber::pqcrypto_kyber768_keypair_ct,7,INCONCLUSIVE,0.0,6000,1,2026-02-06T11:42:38+00:00
Rust,pqcrypto,pqcrypto::kyber::pqcrypto_kyber768_keypair_ct,8,INCONCLUSIVE,0.0,6000,0,2026-02-06T11:42:38+00:00
Rust,pqcrypto,pqcrypto::kyber::pqcrypto_kyber768_keypair_ct,9,INCONCLUSIVE,0.0,6000,1,2026-02-06T11:42:39+00:00
Rust,pqcrypto,pqcrypto::kyber::pqcrypto_kyber768_keypair_ct,10,INCONCLUSIVE,0.0,6000,0,2026-02-06T11:42:39+00:00
Rust,pqcrypto,pqcrypto::sphincs::pqcrypto_sphincs_sha2_128f_sign_ct,1,UNKNOWN,0.0,0,0,2026-02-06T11:42:39+00:00
Rust,pqcrypto,pqcrypto::sphincs::pqcrypto_sphincs_sha2_128f_sign_ct,2,UNKNOWN,0.0,0,0,2026-02-06T11:42:39+00:00
Rust,pqcrypto,pqcrypto::sphincs::pqcrypto_sphincs_sha2_128f_sign_ct,3,UNKNOWN,0.0,0,0,2026-02-06T11:42:39+00:00
Rust,pqcrypto,pqcrypto::sphincs::pqcrypto_sphincs_sha2_128f_sign_ct,4,UNKNOWN,0.0,0,0,2026-02-06T11:42:39+00:00
Rust,pqcrypto,pqcrypto::sphincs::pqcrypto_sphincs_sha2_128f_sign_ct,5,UNKNOWN,0.0,0,0,2026-02-06T11:42:39+00:00
Rust,pqcrypto,pqcrypto::sphincs::pqcrypto_sphincs_sha2_128f_sign_ct,6,UNKNOWN,0.0,0,0,2026-02-06T11:42:39+00:00
Rust,pqcrypto,pqcrypto::sphincs::pqcrypto_sphincs_sha2_128f_sign_ct,7,UNKNOWN,0.0,0,0,2026-02-06T11:42:39+00:00
Rust,pqcrypto,pqcrypto::sphincs::pqcrypto_sphincs_sha2_128f_sign_ct,8,UNKNOWN,0.0,0,0,2026-02-06T11:42:39+00:00
Rust,pqcrypto,pqcrypto::sphincs::pqcrypto_sphincs_sha2_128f_sign_ct,9,UNKNOWN,0.0,0,0,2026-02-06T11:42:39+00:00
Rust,pqcrypto,pqcrypto::sphincs::pqcrypto_sphincs_sha2_128f_sign_ct,10,UNKNOWN,0.0,0,0,2026-02-06T11:42:39+00:00
Rust,pqcrypto,pqcrypto::sphincs::pqcrypto_sphincs_sha2_128f_verify_ct,1,UNKNOWN,0.0,0,0,2026-02-06T11:42:39+00:00
Rust,pqcrypto,pqcrypto::sphincs::pqcrypto_sphincs_sha2_128f_verify_ct,2,UNKNOWN,0.0,0,0,2026-02-06T11:42:39+00:00
Rust,pqcrypto,pqcrypto::sphincs::pqcrypto_sphincs_sha2_128f_verify_ct,3,UNKNOWN,0.0,0,0,2026-02-06T11:42:39+00:00
Rust,pqcrypto,pqcrypto::sphincs::pqcrypto_sphincs_sha2_128f_verify_ct,4,UNKNOWN,0.0,0,0,2026-02-06T11:42:39+00:00
Rust,pqcrypto,pqcrypto::sphincs::pqcrypto_sphincs_sha2_128f_verify_ct,5,UNKNOWN,0.0,0,0,2026-02-06T11:42:39+00:00
Rust,pqcrypto,pqcrypto::sphincs::pqcrypto_sphincs_sha2_128f_verify_ct,6,UNKNOWN,0.0,0,0,2026-02-06T11:42:39+00:00
Rust,pqcrypto,pqcrypto::sphincs::pqcrypto_sphincs_sha2_128f_verify_ct,7,UNKNOWN,0.0,0,0,2026-02-06T11:42:39+00:00
Rust,pqcrypto,pqcrypto::sphincs::pqcrypto_sphincs_sha2_128f_verify_ct,8,UNKNOWN,0.0,0,0,2026-02-06T11:42:39+00:00
Rust,pqcrypto,pqcrypto::sphincs::pqcrypto_sphincs_sha2_128f_verify_ct,9,UNKNOWN,0.0,0,0,2026-02-06T11:42:39+00:00
Rust,pqcrypto,pqcrypto::sphincs::pqcrypto_sphincs_sha2_128f_verify_ct,10,UNKNOWN,0.0,0,0,2026-02-06T11:42:40+00:00
Rust,ring,ring::aes_gcm::ring_aes256gcm_decrypt_ct,1,PASS,0.0,6000,0,2026-02-06T11:42:40+00:00
Rust,ring,ring::aes_gcm::ring_aes256gcm_decrypt_ct,2,PASS,0.0,6000,0,2026-02-06T11:42:40+00:00
Rust,ring,ring::aes_gcm::ring_aes256gcm_decrypt_ct,3,PASS,0.0,6000,0,2026-02-06T11:42:40+00:00
Rust,ring,ring::aes_gcm::ring_aes256gcm_decrypt_ct,4,PASS,0.0,6000,0,2026-02-06T11:42:40+00:00
Rust,ring,ring::aes_gcm::ring_aes256gcm_decrypt_ct,5,PASS,0.0,6000,1,2026-02-06T11:42:41+00:00
Rust,ring,ring::aes_gcm::ring_aes256gcm_decrypt_ct,6,PASS,0.0,6000,0,2026-02-06T11:42:41+00:00
Rust,ring,ring::aes_gcm::ring_aes256gcm_decrypt_ct,7,PASS,0.0,6000,0,2026-02-06T11:42:41+00:00
Rust,ring,ring::aes_gcm::ring_aes256gcm_decrypt_ct,8,PASS,0.0,6000,0,2026-02-06T11:42:41+00:00
Rust,ring,ring::aes_gcm::ring_aes256gcm_decrypt_ct,9,PASS,0.0,6000,1,2026-02-06T11:42:42+00:00
Rust,ring,ring::aes_gcm::ring_aes256gcm_decrypt_ct,10,INCONCLUSIVE,0.0,6000,0,2026-02-06T11:42:42+00:00
Rust,ring,ring::aes_gcm::ring_aes256gcm_encrypt_ct,1,INCONCLUSIVE,0.0,6000,0,2026-02-06T11:42:42+00:00
Rust,ring,ring::aes_gcm::ring_aes256gcm_encrypt_ct,2,INCONCLUSIVE,0.0,6000,1,2026-02-06T11:42:43+00:00
Rust,ring,ring::aes_gcm::ring_aes256gcm_encrypt_ct,3,INCONCLUSIVE,0.0,6000,0,2026-02-06T11:42:43+00:00
Rust,ring,ring::aes_gcm::ring_aes256gcm_encrypt_ct,4,INCONCLUSIVE,0.0,6000,0,2026-02-06T11:42:43+00:00
Rust,ring,ring::aes_gcm::ring_aes256gcm_encrypt_ct,5,INCONCLUSIVE,0.0,6000,1,2026-02-06T11:42:44+00:00
Rust,ring,ring::aes_gcm::ring_aes256gcm_encrypt_ct,6,INCONCLUSIVE,0.0,6000,0,2026-02-06T11:42:44+00:00
Rust,ring,ring::aes_gcm::ring_aes256gcm_encrypt_ct,7,INCONCLUSIVE,0.0,6000,0,2026-02-06T11:42:44+00:00
Rust,ring,ring::aes_gcm::ring_aes256gcm_encrypt_ct,8,INCONCLUSIVE,0.0,6000,1,2026-02-06T11:42:45+00:00
Rust,ring,ring::aes_gcm::ring_aes256gcm_encrypt_ct,9,INCONCLUSIVE,0.0,6000,0,2026-02-06T11:42:45+00:00
Rust,ring,ring::aes_gcm::ring_aes256gcm_encrypt_ct,10,PASS,0.0,6000,0,2026-02-06T11:42:45+00:00
Rust,ring,ring::aes_gcm::ring_aes256gcm_hamming,1,PASS,0.0,6000,1,2026-02-06T11:42:46+00:00
Rust,ring,ring::aes_gcm::ring_aes256gcm_hamming,2,PASS,0.0,6000,0,2026-02-06T11:42:46+00:00
Rust,ring,ring::aes_gcm::ring_aes256gcm_hamming,3,PASS,0.0,6000,0,2026-02-06T11:42:46+00:00
Rust,ring,ring::aes_gcm::ring_aes256gcm_hamming,4,PASS,0.0,6000,0,2026-02-06T11:42:46+00:00
Rust,ring,ring::aes_gcm::ring_aes256gcm_hamming,5,PASS,0.0,6000,1,2026-02-06T11:42:47+00:00
Rust,ring,ring::aes_gcm::ring_aes256gcm_hamming,6,PASS,0.0,6000,0,2026-02-06T11:42:47+00:00
Rust,ring,ring::aes_gcm::ring_aes256gcm_hamming,7,PASS,0.0,6000,0,2026-02-06T11:42:47+00:00
Rust,ring,ring::aes_gcm::ring_aes256gcm_hamming,8,PASS,0.0,6000,1,2026-02-06T11:42:48+00:00
Rust,ring,ring::aes_gcm::ring_aes256gcm_hamming,9,PASS,0.0,6000,0,2026-02-06T11:42:48+00:00
Rust,ring,ring::aes_gcm::ring_aes256gcm_hamming,10,PASS,0.0,6000,0,2026-02-06T11:42:48+00:00
Rust,ring,ring::chacha20poly1305::ring_chacha20poly1305_encrypt_ct,1,PASS,0.0,6000,1,2026-02-06T11:42:49+00:00
Rust,ring,ring::chacha20poly1305::ring_chacha20poly1305_encrypt_ct,2,PASS,0.0,6000,0,2026-02-06T11:42:49+00:00
Rust,ring,ring::chacha20poly1305::ring_chacha20poly1305_encrypt_ct,3,PASS,0.0,6000,0,2026-02-06T11:42:49+00:00
Rust,ring,ring::chacha20poly1305::ring_chacha20poly1305_encrypt_ct,4,PASS,0.0,6000,0,2026-02-06T11:42:49+00:00
Rust,ring,ring::chacha20poly1305::ring_chacha20poly1305_encrypt_ct,5,PASS,0.0,6000,0,2026-02-06T11:42:49+00:00
Rust,ring,ring::chacha20poly1305::ring_chacha20poly1305_encrypt_ct,6,PASS,0.0,6000,1,2026-02-06T11:42:50+00:00
Rust,ring,ring::chacha20poly1305::ring_chacha20poly1305_encrypt_ct,7,PASS,0.0,6000,0,2026-02-06T11:42:50+00:00
Rust,ring,ring::chacha20poly1305::ring_chacha20poly1305_encrypt_ct,8,PASS,0.0,6000,0,2026-02-06T11:42:50+00:00
Rust,ring,ring::chacha20poly1305::ring_chacha20poly1305_encrypt_ct,9,PASS,0.0,6000,0,2026-02-06T11:42:50+00:00
Rust,ring,ring::chacha20poly1305::ring_chacha20poly1305_encrypt_ct,10,PASS,0.0,6000,0,2026-02-06T11:42:50+00:00
Rust,orion,rust_libraries::orion::orion_aead_decrypt_constant_time,1,INCONCLUSIVE,0.0,6000,1,2026-02-06T11:42:51+00:00
Rust,orion,rust_libraries::orion::orion_aead_decrypt_constant_time,2,UNKNOWN,0.0,6000,0,2026-02-06T11:42:51+00:00
Rust,orion,rust_libraries::orion::orion_aead_decrypt_constant_time,3,UNKNOWN,0.0,6000,0,2026-02-06T11:42:51+00:00
Rust,orion,rust_libraries::orion::orion_aead_decrypt_constant_time,4,UNKNOWN,0.0,6000,0,2026-02-06T11:42:51+00:00
Rust,orion,rust_libraries::orion::orion_aead_decrypt_constant_time,5,UNKNOWN,0.0,6000,0,2026-02-06T11:42:51+00:00
Rust,orion,rust_libraries::orion::orion_aead_decrypt_constant_time,6,UNKNOWN,0.0,6000,1,2026-02-06T11:42:52+00:00
Rust,orion,rust_libraries::orion::orion_aead_decrypt_constant_time,7,UNKNOWN,0.0,6000,0,2026-02-06T11:42:52+00:00
Rust,orion,rust_libraries::orion::orion_aead_decrypt_constant_time,8,UNKNOWN,0.0,6000,0,2026-02-06T11:42:52+00:00
Rust,orion,rust_libraries::orion::orion_aead_decrypt_constant_time,9,UNKNOWN,0.0,6000,0,2026-02-06T11:42:52+00:00
Rust,orion,rust_libraries::orion::orion_aead_decrypt_constant_time,10,UNKNOWN,0.0,6000,0,2026-02-06T11:42:52+00:00
Rust,orion,rust_libraries::orion::orion_aead_encrypt_constant_time,1,UNKNOWN,0.0,6000,1,2026-02-06T11:42:53+00:00
Rust,orion,rust_libraries::orion::orion_aead_encrypt_constant_time,2,UNKNOWN,0.0,6000,0,2026-02-06T11:42:53+00:00
Rust,orion,rust_libraries::orion::orion_aead_encrypt_constant_time,3,INCONCLUSIVE,0.0,6000,0,2026-02-06T11:42:53+00:00
Rust,orion,rust_libraries::orion::orion_aead_encrypt_constant_time,4,INCONCLUSIVE,0.0,6000,1,2026-02-06T11:42:54+00:00
Rust,orion,rust_libraries::orion::orion_aead_encrypt_constant_time,5,INCONCLUSIVE,0.0,6000,0,2026-02-06T11:42:54+00:00
Rust,orion,rust_libraries::orion::orion_aead_encrypt_constant_time,6,INCONCLUSIVE,0.0,6000,0,2026-02-06T11:42:54+00:00
Rust,orion,rust_libraries::orion::orion_aead_encrypt_constant_time,7,INCONCLUSIVE,0.0,6000,1,2026-02-06T11:42:55+00:00
Rust,orion,rust_libraries::orion::orion_aead_encrypt_constant_time,8,INCONCLUSIVE,0.0,6000,0,2026-02-06T11:42:55+00:00
Rust,orion,rust_libraries::orion::orion_aead_encrypt_constant_time,9,INCONCLUSIVE,0.0,6000,0,2026-02-06T11:42:55+00:00
Rust,orion,rust_libraries::orion::orion_aead_encrypt_constant_time,10,INCONCLUSIVE,0.0,6000,1,2026-02-06T11:42:56+00:00
Rust,orion,rust_libraries::orion::orion_auth_constant_time,1,INCONCLUSIVE,0.0,6000,0,2026-02-06T11:42:56+00:00
Rust,orion,rust_libraries::orion::orion_auth_constant_time,2,INCONCLUSIVE,0.0,6000,0,2026-02-06T11:42:56+00:00
Rust,orion,rust_libraries::orion::orion_auth_constant_time,3,INCONCLUSIVE,0.0,6000,1,2026-02-06T11:42:57+00:00
Rust,orion,rust_libraries::orion::orion_auth_constant_time,4,INCONCLUSIVE,0.0,6000,0,2026-02-06T11:42:57+00:00
Rust,orion,rust_libraries::orion::orion_auth_constant_time,5,INCONCLUSIVE,0.0,6000,0,2026-02-06T11:42:57+00:00
Rust,orion,rust_libraries::orion::orion_auth_constant_time,6,INCONCLUSIVE,0.0,6000,0,2026-02-06T11:42:58+00:00
Rust,orion,rust_libraries::orion::orion_auth_constant_time,7,INCONCLUSIVE,0.0,6000,0,2026-02-06T11:42:58+00:00
Rust,orion,rust_libraries::orion::orion_auth_constant_time,8,INCONCLUSIVE,0.0,6000,1,2026-02-06T11:42:59+00:00
Rust,orion,rust_libraries::orion::orion_auth_constant_time,9,INCONCLUSIVE,0.0,6000,0,2026-02-06T11:42:59+00:00
Rust,orion,rust_libraries::orion::orion_auth_constant_time,10,INCONCLUSIVE,0.0,6000,0,2026-02-06T11:42:59+00:00
Rust,orion,rust_libraries::orion::orion_auth_hamming_weight,1,UNKNOWN,0.0,6000,1,2026-02-06T11:43:00+00:00
Rust,orion,rust_libraries::orion::orion_auth_hamming_weight,2,INCONCLUSIVE,0.0,6000,0,2026-02-06T11:43:00+00:00
Rust,orion,rust_libraries::orion::orion_auth_hamming_weight,3,INCONCLUSIVE,0.0,6000,0,2026-02-06T11:43:00+00:00
Rust,orion,rust_libraries::orion::orion_auth_hamming_weight,4,INCONCLUSIVE,0.0,6000,1,2026-02-06T11:43:01+00:00
Rust,orion,rust_libraries::orion::orion_auth_hamming_weight,5,UNKNOWN,0.0,6000,0,2026-02-06T11:43:01+00:00
Rust,orion,rust_libraries::orion::orion_auth_hamming_weight,6,UNKNOWN,0.0,6000,0,2026-02-06T11:43:01+00:00
Rust,orion,rust_libraries::orion::orion_auth_hamming_weight,7,INCONCLUSIVE,0.0,6000,0,2026-02-06T11:43:01+00:00
Rust,orion,rust_libraries::orion::orion_auth_hamming_weight,8,UNKNOWN,0.0,6000,0,2026-02-06T11:43:01+00:00
Rust,orion,rust_libraries::orion::orion_auth_hamming_weight,9,UNKNOWN,0.0,6000,1,2026-02-06T11:43:02+00:00
Rust,orion,rust_libraries::orion::orion_auth_hamming_weight,10,UNKNOWN,0.0,6000,0,2026-02-06T11:43:02+00:00
Rust,orion,rust_libraries::orion::orion_hash_constant_time,1,UNKNOWN,0.0,6000,0,2026-02-06T11:43:02+00:00
Rust,orion,rust_libraries::orion::orion_hash_constant_time,2,UNKNOWN,0.0,6000,0,2026-02-06T11:43:02+00:00
Rust,orion,rust_libraries::orion::orion_hash_constant_time,3,UNKNOWN,0.0,6000,0,2026-02-06T11:43:02+00:00
Rust,orion,rust_libraries::orion::orion_hash_constant_time,4,UNKNOWN,0.0,6000,0,2026-02-06T11:43:03+00:00
Rust,orion,rust_libraries::orion::orion_hash_constant_time,5,UNKNOWN,0.0,6000,0,2026-02-06T11:43:03+00:00
Rust,orion,rust_libraries::orion::orion_hash_constant_time,6,UNKNOWN,0.0,6000,0,2026-02-06T11:43:03+00:00
Rust,orion,rust_libraries::orion::orion_hash_constant_time,7,INCONCLUSIVE,0.0,6000,0,2026-02-06T11:43:03+00:00
Rust,orion,rust_libraries::orion::orion_hash_constant_time,8,INCONCLUSIVE,0.0,6000,1,2026-02-06T11:43:04+00:00
Rust,orion,rust_libraries::orion::orion_hash_constant_time,9,INCONCLUSIVE,0.0,6000,0,2026-02-06T11:43:04+00:00
Rust,orion,rust_libraries::orion::orion_hash_constant_time,10,UNKNOWN,0.0,6000,0,2026-02-06T11:43:04+00:00
Rust,orion,rust_libraries::orion::orion_hash_hamming_weight,1,UNKNOWN,0.0,6000,1,2026-02-06T11:43:05+00:00
Rust,orion,rust_libraries::orion::orion_hash_hamming_weight,2,INCONCLUSIVE,0.0,6000,0,2026-02-06T11:43:05+00:00
Rust,orion,rust_libraries::orion::orion_hash_hamming_weight,3,UNKNOWN,0.0,6000,0,2026-02-06T11:43:05+00:00
Rust,orion,rust_libraries::orion::orion_hash_hamming_weight,4,INCONCLUSIVE,0.0,6000,1,2026-02-06T11:43:06+00:00
Rust,orion,rust_libraries::orion::orion_hash_hamming_weight,5,INCONCLUSIVE,0.0,6000,0,2026-02-06T11:43:06+00:00
Rust,orion,rust_libraries::orion::orion_hash_hamming_weight,6,INCONCLUSIVE,0.0,6000,0,2026-02-06T11:43:06+00:00
Rust,orion,rust_libraries::orion::orion_hash_hamming_weight,7,INCONCLUSIVE,0.0,6000,1,2026-02-06T11:43:07+00:00
Rust,orion,rust_libraries::orion::orion_hash_hamming_weight,8,INCONCLUSIVE,0.0,6000,0,2026-02-06T11:43:07+00:00
Rust,orion,rust_libraries::orion::orion_hash_hamming_weight,9,UNKNOWN,0.0,6000,0,2026-02-06T11:43:07+00:00
Rust,orion,rust_libraries::orion::orion_hash_hamming_weight,10,INCONCLUSIVE,0.0,6000,1,2026-02-06T11:43:08+00:00
Rust,RustCrypto,rustcrypto::aes::aes128_block_encrypt_constant_time,1,INCONCLUSIVE,0.0,6000,0,2026-02-06T11:43:08+00:00
Rust,RustCrypto,rustcrypto::aes::aes128_block_encrypt_constant_time,2,INCONCLUSIVE,0.0,6000,0,2026-02-06T11:43:08+00:00
Rust,RustCrypto,rustcrypto::aes::aes128_block_encrypt_constant_time,3,INCONCLUSIVE,0.0,6000,1,2026-02-06T11:43:09+00:00
Rust,RustCrypto,rustcrypto::aes::aes128_block_encrypt_constant_time,4,INCONCLUSIVE,0.0,6000,0,2026-02-06T11:43:09+00:00
Rust,RustCrypto,rustcrypto::aes::aes128_block_encrypt_constant_time,5,INCONCLUSIVE,0.0,6000,0,2026-02-06T11:43:09+00:00
Rust,RustCrypto,rustcrypto::aes::aes128_block_encrypt_constant_time,6,INCONCLUSIVE,0.0,6000,0,2026-02-06T11:43:09+00:00
Rust,RustCrypto,rustcrypto::aes::aes128_block_encrypt_constant_time,7,UNKNOWN,0.0,6000,0,2026-02-06T11:43:10+00:00
Rust,RustCrypto,rustcrypto::aes::aes128_block_encrypt_constant_time,8,INCONCLUSIVE,0.0,6000,0,2026-02-06T11:43:10+00:00
Rust,RustCrypto,rustcrypto::aes::aes128_block_encrypt_constant_time,9,INCONCLUSIVE,0.0,6000,0,2026-02-06T11:43:10+00:00
Rust,RustCrypto,rustcrypto::aes::aes128_block_encrypt_constant_time,10,UNKNOWN,0.0,6000,1,2026-02-06T11:43:11+00:00
Rust,RustCrypto,rustcrypto::aes::aes128_byte_pattern_independence,1,INCONCLUSIVE,0.0,6000,0,2026-02-06T11:43:11+00:00
Rust,RustCrypto,rustcrypto::aes::aes128_byte_pattern_independence,2,INCONCLUSIVE,0.0,6000,0,2026-02-06T11:43:11+00:00
Rust,RustCrypto,rustcrypto::aes::aes128_byte_pattern_independence,3,INCONCLUSIVE,0.0,6000,0,2026-02-06T11:43:11+00:00
Rust,RustCrypto,rustcrypto::aes::aes128_byte_pattern_independence,4,UNKNOWN,0.0,6000,0,2026-02-06T11:43:11+00:00
Rust,RustCrypto,rustcrypto::aes::aes128_byte_pattern_independence,5,INCONCLUSIVE,0.0,6000,1,2026-02-06T11:43:12+00:00
Rust,RustCrypto,rustcrypto::aes::aes128_byte_pattern_independence,6,INCONCLUSIVE,0.0,6000,0,2026-02-06T11:43:12+00:00
Rust,RustCrypto,rustcrypto::aes::aes128_byte_pattern_independence,7,INCONCLUSIVE,0.0,6000,0,2026-02-06T11:43:12+00:00
Rust,RustCrypto,rustcrypto::aes::aes128_byte_pattern_independence,8,UNKNOWN,0.0,6000,0,2026-02-06T11:43:12+00:00
Rust,RustCrypto,rustcrypto::aes::aes128_byte_pattern_independence,9,INCONCLUSIVE,0.0,6000,0,2026-02-06T11:43:12+00:00
Rust,RustCrypto,rustcrypto::aes::aes128_byte_pattern_independence,10,INCONCLUSIVE,0.0,6000,1,2026-02-06T11:43:13+00:00
Rust,RustCrypto,rustcrypto::aes::aes128_different_keys_constant_time,1,INCONCLUSIVE,0.0,6000,0,2026-02-06T11:43:13+00:00
Rust,RustCrypto,rustcrypto::aes::aes128_different_keys_constant_time,2,INCONCLUSIVE,0.0,6000,0,2026-02-06T11:43:13+00:00
Rust,RustCrypto,rustcrypto::aes::aes128_different_keys_constant_time,3,INCONCLUSIVE,0.0,6000,0,2026-02-06T11:43:13+00:00
Rust,RustCrypto,rustcrypto::aes::aes128_different_keys_constant_time,4,UNKNOWN,0.0,6000,0,2026-02-06T11:43:13+00:00
Rust,RustCrypto,rustcrypto::aes::aes128_different_keys_constant_time,5,INCONCLUSIVE,0.0,6000,1,2026-02-06T11:43:14+00:00
Rust,RustCrypto,rustcrypto::aes::aes128_different_keys_constant_time,6,INCONCLUSIVE,0.0,6000,0,2026-02-06T11:43:14+00:00
Rust,RustCrypto,rustcrypto::aes::aes128_different_keys_constant_time,7,UNKNOWN,0.0,6000,0,2026-02-06T11:43:14+00:00
Rust,RustCrypto,rustcrypto::aes::aes128_different_keys_constant_time,8,INCONCLUSIVE,0.0,6000,0,2026-02-06T11:43:14+00:00
Rust,RustCrypto,rustcrypto::aes::aes128_different_keys_constant_time,9,INCONCLUSIVE,0.0,6000,0,2026-02-06T11:43:15+00:00
Rust,RustCrypto,rustcrypto::aes::aes128_different_keys_constant_time,10,INCONCLUSIVE,0.0,6000,0,2026-02-06T11:43:15+00:00
Rust,RustCrypto,rustcrypto::aes::aes128_hamming_weight_independence,1,INCONCLUSIVE,0.0,6000,0,2026-02-06T11:43:15+00:00
Rust,RustCrypto,rustcrypto::aes::aes128_hamming_weight_independence,2,INCONCLUSIVE,0.0,6000,1,2026-02-06T11:43:16+00:00
Rust,RustCrypto,rustcrypto::aes::aes128_hamming_weight_independence,3,INCONCLUSIVE,0.0,6000,0,2026-02-06T11:43:16+00:00
Rust,RustCrypto,rustcrypto::aes::aes128_hamming_weight_independence,4,UNKNOWN,0.0,6000,0,2026-02-06T11:43:16+00:00
Rust,RustCrypto,rustcrypto::aes::aes128_hamming_weight_independence,5,INCONCLUSIVE,0.0,6000,1,2026-02-06T11:43:17+00:00
Rust,RustCrypto,rustcrypto::aes::aes128_hamming_weight_independence,6,INCONCLUSIVE,0.0,6000,0,2026-02-06T11:43:17+00:00
Rust,RustCrypto,rustcrypto::aes::aes128_hamming_weight_independence,7,INCONCLUSIVE,0.0,6000,0,2026-02-06T11:43:17+00:00
Rust,RustCrypto,rustcrypto::aes::aes128_hamming_weight_independence,8,UNKNOWN,0.0,6000,1,2026-02-06T11:43:18+00:00
Rust,RustCrypto,rustcrypto::aes::aes128_hamming_weight_independence,9,UNKNOWN,0.0,6000,0,2026-02-06T11:43:18+00:00
Rust,RustCrypto,rustcrypto::aes::aes128_hamming_weight_independence,10,INCONCLUSIVE,0.0,6000,0,2026-02-06T11:43:18+00:00
Rust,RustCrypto,rustcrypto::aes::aes128_key_init_constant_time,1,INCONCLUSIVE,0.0,6000,1,2026-02-06T11:43:19+00:00
Rust,RustCrypto,rustcrypto::aes::aes128_key_init_constant_time,2,INCONCLUSIVE,0.0,6000,0,2026-02-06T11:43:19+00:00
Rust,RustCrypto,rustcrypto::aes::aes128_key_init_constant_time,3,INCONCLUSIVE,0.0,6000,0,2026-02-06T11:43:19+00:00
Rust,RustCrypto,rustcrypto::aes::aes128_key_init_constant_time,4,INCONCLUSIVE,0.0,6000,1,2026-02-06T11:43:20+00:00
Rust,RustCrypto,rustcrypto::aes::aes128_key_init_constant_time,5,INCONCLUSIVE,0.0,6000,0,2026-02-06T11:43:20+00:00
Rust,RustCrypto,rustcrypto::aes::aes128_key_init_constant_time,6,INCONCLUSIVE,0.0,6000,0,2026-02-06T11:43:20+00:00
Rust,RustCrypto,rustcrypto::aes::aes128_key_init_constant_time,7,INCONCLUSIVE,0.0,6000,0,2026-02-06T11:43:20+00:00
Rust,RustCrypto,rustcrypto::aes::aes128_key_init_constant_time,8,INCONCLUSIVE,0.0,6000,0,2026-02-06T11:43:21+00:00
Rust,RustCrypto,rustcrypto::aes::aes128_key_init_constant_time,9,INCONCLUSIVE,0.0,6000,0,2026-02-06T11:43:21+00:00
Rust,RustCrypto,rustcrypto::aes::aes128_key_init_constant_time,10,INCONCLUSIVE,0.0,6000,0,2026-02-06T11:43:21+00:00
Rust,RustCrypto,rustcrypto::aes::aes128_multiple_blocks_constant_time,1,INCONCLUSIVE,0.0,6000,0,2026-02-06T11:43:21+00:00
Rust,RustCrypto,rustcrypto::aes::aes128_multiple_blocks_constant_time,2,UNKNOWN,0.0,6000,1,2026-02-06T11:43:22+00:00
Rust,RustCrypto,rustcrypto::aes::aes128_multiple_blocks_constant_time,3,UNKNOWN,0.0,6000,0,2026-02-06T11:43:22+00:00
Rust,RustCrypto,rustcrypto::aes::aes128_multiple_blocks_constant_time,4,UNKNOWN,0.0,6000,0,2026-02-06T11:43:22+00:00
Rust,RustCrypto,rustcrypto::aes::aes128_multiple_blocks_constant_time,5,UNKNOWN,0.0,6000,0,2026-02-06T11:43:22+00:00
Rust,RustCrypto,rustcrypto::aes::aes128_multiple_blocks_constant_time,6,UNKNOWN,0.0,6000,0,2026-02-06T11:43:22+00:00
Rust,RustCrypto,rustcrypto::aes::aes128_multiple_blocks_constant_time,7,UNKNOWN,0.0,6000,1,2026-02-06T11:43:23+00:00
Rust,RustCrypto,rustcrypto::aes::aes128_multiple_blocks_constant_time,8,UNKNOWN,0.0,6000,0,2026-02-06T11:43:23+00:00
Rust,RustCrypto,rustcrypto::aes::aes128_multiple_blocks_constant_time,9,UNKNOWN,0.0,6000,0,2026-02-06T11:43:23+00:00
Rust,RustCrypto,rustcrypto::aes::aes128_multiple_blocks_constant_time,10,UNKNOWN,0.0,6000,0,2026-02-06T11:43:23+00:00
Rust,RustCrypto,rustcrypto::blake2::rustcrypto_blake2b512_ct,1,PASS,0.0,6000,0,2026-02-06T11:43:23+00:00
Rust,RustCrypto,rustcrypto::blake2::rustcrypto_blake2b512_ct,2,PASS,0.0,6000,0,2026-02-06T11:43:24+00:00
Rust,RustCrypto,rustcrypto::blake2::rustcrypto_blake2b512_ct,3,PASS,0.0,6000,0,2026-02-06T11:43:24+00:00
Rust,RustCrypto,rustcrypto::blake2::rustcrypto_blake2b512_ct,4,PASS,0.0,6000,0,2026-02-06T11:43:24+00:00
Rust,RustCrypto,rustcrypto::blake2::rustcrypto_blake2b512_ct,5,PASS,0.0,6000,0,2026-02-06T11:43:24+00:00
Rust,RustCrypto,rustcrypto::blake2::rustcrypto_blake2b512_ct,6,PASS,0.0,6000,1,2026-02-06T11:43:25+00:00
Rust,RustCrypto,rustcrypto::blake2::rustcrypto_blake2b512_ct,7,INCONCLUSIVE,0.0,6000,0,2026-02-06T11:43:25+00:00
Rust,RustCrypto,rustcrypto::blake2::rustcrypto_blake2b512_ct,8,PASS,0.0,6000,0,2026-02-06T11:43:25+00:00
Rust,RustCrypto,rustcrypto::blake2::rustcrypto_blake2b512_ct,9,PASS,0.0,6000,0,2026-02-06T11:43:25+00:00
Rust,RustCrypto,rustcrypto::blake2::rustcrypto_blake2b512_ct,10,PASS,0.0,6000,0,2026-02-06T11:43:25+00:00
Rust,RustCrypto,rustcrypto::blake2::rustcrypto_blake2b_hamming,1,PASS,0.0,6000,1,2026-02-06T11:43:26+00:00
Rust,RustCrypto,rustcrypto::blake2::rustcrypto_blake2b_hamming,2,PASS,0.0,6000,0,2026-02-06T11:43:26+00:00
Rust,RustCrypto,rustcrypto::blake2::rustcrypto_blake2b_hamming,3,PASS,0.0,6000,0,2026-02-06T11:43:26+00:00
Rust,RustCrypto,rustcrypto::blake2::rustcrypto_blake2b_hamming,4,PASS,0.0,6000,0,2026-02-06T11:43:26+00:00
Rust,RustCrypto,rustcrypto::blake2::rustcrypto_blake2b_hamming,5,PASS,0.0,6000,0,2026-02-06T11:43:26+00:00
Rust,RustCrypto,rustcrypto::blake2::rustcrypto_blake2b_hamming,6,PASS,0.0,6000,0,2026-02-06T11:43:26+00:00
Rust,RustCrypto,rustcrypto::blake2::rustcrypto_blake2b_hamming,7,PASS,0.0,6000,1,2026-02-06T11:43:27+00:00
Rust,RustCrypto,rustcrypto::blake2::rustcrypto_blake2b_hamming,8,PASS,0.0,6000,0,2026-02-06T11:43:27+00:00
Rust,RustCrypto,rustcrypto::blake2::rustcrypto_blake2b_hamming,9,PASS,0.0,6000,0,2026-02-06T11:43:27+00:00
Rust,RustCrypto,rustcrypto::blake2::rustcrypto_blake2b_hamming,10,PASS,0.0,6000,0,2026-02-06T11:43:27+00:00
Rust,RustCrypto,rustcrypto::blake2::rustcrypto_blake2b_incremental_ct,1,PASS,0.0,6000,0,2026-02-06T11:43:27+00:00
Rust,RustCrypto,rustcrypto::blake2::rustcrypto_blake2b_incremental_ct,2,PASS,0.0,6000,1,2026-02-06T11:43:28+00:00
Rust,RustCrypto,rustcrypto::blake2::rustcrypto_blake2b_incremental_ct,3,PASS,0.0,6000,0,2026-02-06T11:43:28+00:00
Rust,RustCrypto,rustcrypto::blake2::rustcrypto_blake2b_incremental_ct,4,PASS,0.0,6000,0,2026-02-06T11:43:28+00:00
Rust,RustCrypto,rustcrypto::blake2::rustcrypto_blake2b_incremental_ct,5,INCONCLUSIVE,0.0,6000,0,2026-02-06T11:43:28+00:00
Rust,RustCrypto,rustcrypto::blake2::rustcrypto_blake2b_incremental_ct,6,PASS,0.0,6000,0,2026-02-06T11:43:28+00:00
Rust,RustCrypto,rustcrypto::blake2::rustcrypto_blake2b_incremental_ct,7,PASS,0.0,6000,0,2026-02-06T11:43:29+00:00
Rust,RustCrypto,rustcrypto::blake2::rustcrypto_blake2b_incremental_ct,8,PASS,0.0,6000,0,2026-02-06T11:43:29+00:00
Rust,RustCrypto,rustcrypto::blake2::rustcrypto_blake2b_incremental_ct,9,PASS,0.0,6000,0,2026-02-06T11:43:29+00:00
Rust,RustCrypto,rustcrypto::blake2::rustcrypto_blake2b_incremental_ct,10,PASS,0.0,6000,0,2026-02-06T11:43:29+00:00
Rust,RustCrypto,rustcrypto::blake2::rustcrypto_blake2s256_ct,1,PASS,0.0,6000,1,2026-02-06T11:43:30+00:00
Rust,RustCrypto,rustcrypto::blake2::rustcrypto_blake2s256_ct,2,INCONCLUSIVE,0.0,6000,0,2026-02-06T11:43:30+00:00
Rust,RustCrypto,rustcrypto::blake2::rustcrypto_blake2s256_ct,3,PASS,0.0,6000,0,2026-02-06T11:43:30+00:00
Rust,RustCrypto,rustcrypto::blake2::rustcrypto_blake2s256_ct,4,PASS,0.0,6000,0,2026-02-06T11:43:30+00:00
Rust,RustCrypto,rustcrypto::blake2::rustcrypto_blake2s256_ct,5,PASS,0.0,6000,0,2026-02-06T11:43:30+00:00
Rust,RustCrypto,rustcrypto::blake2::rustcrypto_blake2s256_ct,6,PASS,0.0,6000,0,2026-02-06T11:43:30+00:00
Rust,RustCrypto,rustcrypto::blake2::rustcrypto_blake2s256_ct,7,PASS,0.0,6000,0,2026-02-06T11:43:31+00:00
Rust,RustCrypto,rustcrypto::blake2::rustcrypto_blake2s256_ct,8,PASS,0.0,6000,0,2026-02-06T11:43:31+00:00
Rust,RustCrypto,rustcrypto::blake2::rustcrypto_blake2s256_ct,9,INCONCLUSIVE,0.0,6000,0,2026-02-06T11:43:31+00:00
Rust,RustCrypto,rustcrypto::blake2::rustcrypto_blake2s256_ct,10,PASS,0.0,6000,0,2026-02-06T11:43:31+00:00
Rust,RustCrypto,rustcrypto::chacha20poly1305::rustcrypto_chacha20poly1305_decrypt_ct,1,INCONCLUSIVE,0.0,6000,1,2026-02-06T11:43:32+00:00
Rust,RustCrypto,rustcrypto::chacha20poly1305::rustcrypto_chacha20poly1305_decrypt_ct,2,PASS,0.0,6000,0,2026-02-06T11:43:32+00:00
Rust,RustCrypto,rustcrypto::chacha20poly1305::rustcrypto_chacha20poly1305_decrypt_ct,3,PASS,0.3,6000,0,2026-02-06T11:43:32+00:00
Rust,RustCrypto,rustcrypto::chacha20poly1305::rustcrypto_chacha20poly1305_decrypt_ct,4,INCONCLUSIVE,0.0,6000,0,2026-02-06T11:43:32+00:00
Rust,RustCrypto,rustcrypto::chacha20poly1305::rustcrypto_chacha20poly1305_decrypt_ct,5,PASS,0.0,6000,1,2026-02-06T11:43:33+00:00
Rust,RustCrypto,rustcrypto::chacha20poly1305::rustcrypto_chacha20poly1305_decrypt_ct,6,INCONCLUSIVE,0.0,6000,0,2026-02-06T11:43:33+00:00
Rust,RustCrypto,rustcrypto::chacha20poly1305::rustcrypto_chacha20poly1305_decrypt_ct,7,INCONCLUSIVE,0.0,6000,0,2026-02-06T11:43:33+00:00
Rust,RustCrypto,rustcrypto::chacha20poly1305::rustcrypto_chacha20poly1305_decrypt_ct,8,PASS,0.0,6000,1,2026-02-06T11:43:34+00:00
Rust,RustCrypto,rustcrypto::chacha20poly1305::rustcrypto_chacha20poly1305_decrypt_ct,9,PASS,0.0,6000,0,2026-02-06T11:43:34+00:00
Rust,RustCrypto,rustcrypto::chacha20poly1305::rustcrypto_chacha20poly1305_decrypt_ct,10,PASS,0.0,6000,0,2026-02-06T11:43:34+00:00
Rust,RustCrypto,rustcrypto::chacha20poly1305::rustcrypto_chacha20poly1305_encrypt_ct,1,PASS,0.0,6000,0,2026-02-06T11:43:34+00:00
Rust,RustCrypto,rustcrypto::chacha20poly1305::rustcrypto_chacha20poly1305_encrypt_ct,2,PASS,0.0,6000,1,2026-02-06T11:43:35+00:00
Rust,RustCrypto,rustcrypto::chacha20poly1305::rustcrypto_chacha20poly1305_encrypt_ct,3,PASS,0.0,6000,0,2026-02-06T11:43:35+00:00
Rust,RustCrypto,rustcrypto::chacha20poly1305::rustcrypto_chacha20poly1305_encrypt_ct,4,PASS,0.0,6000,0,2026-02-06T11:43:35+00:00
Rust,RustCrypto,rustcrypto::chacha20poly1305::rustcrypto_chacha20poly1305_encrypt_ct,5,PASS,0.0,6000,0,2026-02-06T11:43:35+00:00
Rust,RustCrypto,rustcrypto::chacha20poly1305::rustcrypto_chacha20poly1305_encrypt_ct,6,PASS,0.0,6000,0,2026-02-06T11:43:35+00:00
Rust,RustCrypto,rustcrypto::chacha20poly1305::rustcrypto_chacha20poly1305_encrypt_ct,7,PASS,0.0,6000,1,2026-02-06T11:43:36+00:00
Rust,RustCrypto,rustcrypto::chacha20poly1305::rustcrypto_chacha20poly1305_encrypt_ct,8,PASS,0.0,6000,0,2026-02-06T11:43:36+00:00
Rust,RustCrypto,rustcrypto::chacha20poly1305::rustcrypto_chacha20poly1305_encrypt_ct,9,INCONCLUSIVE,0.0,6000,0,2026-02-06T11:43:36+00:00
Rust,RustCrypto,rustcrypto::chacha20poly1305::rustcrypto_chacha20poly1305_encrypt_ct,10,INCONCLUSIVE,0.0,6000,0,2026-02-06T11:43:36+00:00
Rust,RustCrypto,rustcrypto::chacha20poly1305::rustcrypto_chacha20poly1305_hamming,1,PASS,0.0,6000,1,2026-02-06T11:43:37+00:00
Rust,RustCrypto,rustcrypto::chacha20poly1305::rustcrypto_chacha20poly1305_hamming,2,PASS,0.0,6000,0,2026-02-06T11:43:37+00:00
Rust,RustCrypto,rustcrypto::chacha20poly1305::rustcrypto_chacha20poly1305_hamming,3,PASS,0.0,6000,0,2026-02-06T11:43:37+00:00
Rust,RustCrypto,rustcrypto::chacha20poly1305::rustcrypto_chacha20poly1305_hamming,4,INCONCLUSIVE,0.0,6000,0,2026-02-06T11:43:37+00:00
Rust,RustCrypto,rustcrypto::chacha20poly1305::rustcrypto_chacha20poly1305_hamming,5,PASS,2.3,6000,1,2026-02-06T11:43:38+00:00
Rust,RustCrypto,rustcrypto::chacha20poly1305::rustcrypto_chacha20poly1305_hamming,6,PASS,0.0,6000,0,2026-02-06T11:43:38+00:00
Rust,RustCrypto,rustcrypto::chacha20poly1305::rustcrypto_chacha20poly1305_hamming,7,PASS,0.0,6000,0,2026-02-06T11:43:38+00:00
Rust,RustCrypto,rustcrypto::chacha20poly1305::rustcrypto_chacha20poly1305_hamming,8,PASS,0.0,6000,0,2026-02-06T11:43:38+00:00
Rust,RustCrypto,rustcrypto::chacha20poly1305::rustcrypto_chacha20poly1305_hamming,9,PASS,0.0,6000,0,2026-02-06T11:43:38+00:00
Rust,RustCrypto,rustcrypto::chacha20poly1305::rustcrypto_chacha20poly1305_hamming,10,PASS,0.0,6000,1,2026-02-06T11:43:39+00:00
Rust,RustCrypto,rustcrypto::chacha20poly1305::rustcrypto_chacha20poly1305_nonce_ct,1,PASS,0.0,6000,0,2026-02-06T11:43:39+00:00
Rust,RustCrypto,rustcrypto::chacha20poly1305::rustcrypto_chacha20poly1305_nonce_ct,2,PASS,0.0,6000,0,2026-02-06T11:43:39+00:00
Rust,RustCrypto,rustcrypto::chacha20poly1305::rustcrypto_chacha20poly1305_nonce_ct,3,INCONCLUSIVE,0.0,6000,0,2026-02-06T11:43:39+00:00
Rust,RustCrypto,rustcrypto::chacha20poly1305::rustcrypto_chacha20poly1305_nonce_ct,4,PASS,0.0,6000,0,2026-02-06T11:43:39+00:00
Rust,RustCrypto,rustcrypto::chacha20poly1305::rustcrypto_chacha20poly1305_nonce_ct,5,PASS,0.0,6000,0,2026-02-06T11:43:40+00:00
Rust,RustCrypto,rustcrypto::chacha20poly1305::rustcrypto_chacha20poly1305_nonce_ct,6,INCONCLUSIVE,0.0,6000,0,2026-02-06T11:43:40+00:00
Rust,RustCrypto,rustcrypto::chacha20poly1305::rustcrypto_chacha20poly1305_nonce_ct,7,PASS,1.0,6000,0,2026-02-06T11:43:40+00:00
Rust,RustCrypto,rustcrypto::chacha20poly1305::rustcrypto_chacha20poly1305_nonce_ct,8,INCONCLUSIVE,0.0,6000,0,2026-02-06T11:43:40+00:00
Rust,RustCrypto,rustcrypto::chacha20poly1305::rustcrypto_chacha20poly1305_nonce_ct,9,PASS,0.0,6000,1,2026-02-06T11:43:41+00:00
Rust,RustCrypto,rustcrypto::chacha20poly1305::rustcrypto_chacha20poly1305_nonce_ct,10,INCONCLUSIVE,0.0,6000,0,2026-02-06T11:43:41+00:00
Rust,RustCrypto,rustcrypto::rsa::rsa_1024_decrypt_constant_time,1,INCONCLUSIVE,0.0,3000,1,2026-02-06T11:43:42+00:00
Rust,RustCrypto,rustcrypto::rsa::rsa_1024_decrypt_constant_time,2,INCONCLUSIVE,0.0,3000,1,2026-02-06T11:43:43+00:00
Rust,RustCrypto,rustcrypto::rsa::rsa_1024_decrypt_constant_time,3,INCONCLUSIVE,0.0,3000,2,2026-02-06T11:43:45+00:00
Rust,RustCrypto,rustcrypto::rsa::rsa_1024_decrypt_constant_time,4,INCONCLUSIVE,0.0,3000,1,2026-02-06T11:43:46+00:00
Rust,RustCrypto,rustcrypto::rsa::rsa_1024_decrypt_constant_time,5,INCONCLUSIVE,0.0,3000,1,2026-02-06T11:43:47+00:00
Rust,RustCrypto,rustcrypto::rsa::rsa_1024_decrypt_constant_time,6,INCONCLUSIVE,0.0,3000,2,2026-02-06T11:43:49+00:00
Rust,RustCrypto,rustcrypto::rsa::rsa_1024_decrypt_constant_time,7,PASS,0.4,3000,1,2026-02-06T11:43:50+00:00
Rust,RustCrypto,rustcrypto::rsa::rsa_1024_decrypt_constant_time,8,INCONCLUSIVE,0.0,3000,1,2026-02-06T11:43:51+00:00
Rust,RustCrypto,rustcrypto::rsa::rsa_1024_decrypt_constant_time,9,INCONCLUSIVE,0.0,3000,1,2026-02-06T11:43:52+00:00
Rust,RustCrypto,rustcrypto::rsa::rsa_1024_decrypt_constant_time,10,PASS,2.3,3000,1,2026-02-06T11:43:53+00:00
Rust,RustCrypto,rustcrypto::rsa::rsa_1024_decrypt_control_both_random,1,UNKNOWN,0.0,3000,2,2026-02-06T11:43:55+00:00
Rust,RustCrypto,rustcrypto::rsa::rsa_1024_decrypt_control_both_random,2,UNKNOWN,0.0,3000,1,2026-02-06T11:43:56+00:00
Rust,RustCrypto,rustcrypto::rsa::rsa_1024_decrypt_control_both_random,3,UNKNOWN,0.0,3000,1,2026-02-06T11:43:57+00:00
Rust,RustCrypto,rustcrypto::rsa::rsa_1024_decrypt_control_both_random,4,UNKNOWN,0.0,3000,2,2026-02-06T11:43:59+00:00
Rust,RustCrypto,rustcrypto::rsa::rsa_1024_decrypt_control_both_random,5,UNKNOWN,0.0,3000,1,2026-02-06T11:44:00+00:00
Rust,RustCrypto,rustcrypto::rsa::rsa_1024_decrypt_control_both_random,6,UNKNOWN,0.0,3000,2,2026-02-06T11:44:02+00:00
Rust,RustCrypto,rustcrypto::rsa::rsa_1024_decrypt_control_both_random,7,UNKNOWN,10.1,3000,1,2026-02-06T11:44:03+00:00
Rust,RustCrypto,rustcrypto::rsa::rsa_1024_decrypt_control_both_random,8,UNKNOWN,0.0,3000,1,2026-02-06T11:44:04+00:00
Rust,RustCrypto,rustcrypto::rsa::rsa_1024_decrypt_control_both_random,9,UNKNOWN,0.0,3000,2,2026-02-06T11:44:06+00:00
Rust,RustCrypto,rustcrypto::rsa::rsa_1024_decrypt_control_both_random,10,UNKNOWN,0.0,3000,1,2026-02-06T11:44:07+00:00
Rust,RustCrypto,rustcrypto::rsa::rsa_1024_encrypt_constant_time,1,SKIP,0.0,7000,0,2026-02-06T11:44:07+00:00
Rust,RustCrypto,rustcrypto::rsa::rsa_1024_encrypt_constant_time,2,SKIP,0.0,6000,1,2026-02-06T11:44:08+00:00
Rust,RustCrypto,rustcrypto::rsa::rsa_1024_encrypt_constant_time,3,PASS,0.5,6000,1,2026-02-06T11:44:09+00:00
Rust,RustCrypto,rustcrypto::rsa::rsa_1024_encrypt_constant_time,4,PASS,0.1,6000,0,2026-02-06T11:44:09+00:00
Rust,RustCrypto,rustcrypto::rsa::rsa_1024_encrypt_constant_time,5,PASS,0.1,6000,1,2026-02-06T11:44:10+00:00
Rust,RustCrypto,rustcrypto::rsa::rsa_1024_encrypt_constant_time,6,PASS,0.0,6000,1,2026-02-06T11:44:11+00:00
Rust,RustCrypto,rustcrypto::rsa::rsa_1024_encrypt_constant_time,7,PASS,0.0,6000,0,2026-02-06T11:44:11+00:00
Rust,RustCrypto,rustcrypto::rsa::rsa_1024_encrypt_constant_time,8,INCONCLUSIVE,0.0,6000,1,2026-02-06T11:44:12+00:00
Rust,RustCrypto,rustcrypto::rsa::rsa_1024_encrypt_constant_time,9,PASS,0.0,6000,1,2026-02-06T11:44:13+00:00
Rust,RustCrypto,rustcrypto::rsa::rsa_1024_encrypt_constant_time,10,PASS,0.0,6000,1,2026-02-06T11:44:14+00:00
Rust,RustCrypto,rustcrypto::rsa::rsa_1024_hamming_weight_independence,1,PASS,0.0,6000,1,2026-02-06T11:44:15+00:00
Rust,RustCrypto,rustcrypto::rsa::rsa_1024_hamming_weight_independence,2,PASS,0.0,6000,0,2026-02-06T11:44:15+00:00
Rust,RustCrypto,rustcrypto::rsa::rsa_1024_hamming_weight_independence,3,PASS,0.4,6000,1,2026-02-06T11:44:16+00:00
Rust,RustCrypto,rustcrypto::rsa::rsa_1024_hamming_weight_independence,4,PASS,0.0,6000,1,2026-02-06T11:44:17+00:00
Rust,RustCrypto,rustcrypto::rsa::rsa_1024_hamming_weight_independence,5,PASS,0.0,6000,0,2026-02-06T11:44:17+00:00
Rust,RustCrypto,rustcrypto::rsa::rsa_1024_hamming_weight_independence,6,PASS,0.0,6000,1,2026-02-06T11:44:18+00:00
Rust,RustCrypto,rustcrypto::rsa::rsa_1024_hamming_weight_independence,7,PASS,0.0,6000,1,2026-02-06T11:44:19+00:00
Rust,RustCrypto,rustcrypto::rsa::rsa_1024_hamming_weight_independence,8,PASS,0.0,6000,1,2026-02-06T11:44:20+00:00
Rust,RustCrypto,rustcrypto::rsa::rsa_1024_hamming_weight_independence,9,PASS,3.8,6000,0,2026-02-06T11:44:20+00:00
Rust,RustCrypto,rustcrypto::rsa::rsa_1024_hamming_weight_independence,10,INCONCLUSIVE,0.0,6000,1,2026-02-06T11:44:21+00:00
Rust,RustCrypto,rustcrypto::rsa::rsa_1024_verify_constant_time,1,UNKNOWN,0.0,0,0,2026-02-06T11:44:21+00:00
Rust,RustCrypto,rustcrypto::rsa::rsa_1024_verify_constant_time,2,UNKNOWN,0.0,0,0,2026-02-06T11:44:21+00:00
Rust,RustCrypto,rustcrypto::rsa::rsa_1024_verify_constant_time,3,UNKNOWN,0.0,0,0,2026-02-06T11:44:21+00:00
Rust,RustCrypto,rustcrypto::rsa::rsa_1024_verify_constant_time,4,UNKNOWN,0.0,0,0,2026-02-06T11:44:21+00:00
Rust,RustCrypto,rustcrypto::rsa::rsa_1024_verify_constant_time,5,UNKNOWN,0.0,0,0,2026-02-06T11:44:21+00:00
Rust,RustCrypto,rustcrypto::rsa::rsa_1024_verify_constant_time,6,UNKNOWN,0.0,0,0,2026-02-06T11:44:21+00:00
Rust,RustCrypto,rustcrypto::rsa::rsa_1024_verify_constant_time,7,UNKNOWN,0.0,0,0,2026-02-06T11:44:21+00:00
Rust,RustCrypto,rustcrypto::rsa::rsa_1024_verify_constant_time,8,UNKNOWN,0.0,0,0,2026-02-06T11:44:21+00:00
Rust,RustCrypto,rustcrypto::rsa::rsa_1024_verify_constant_time,9,UNKNOWN,0.0,0,0,2026-02-06T11:44:21+00:00
Rust,RustCrypto,rustcrypto::rsa::rsa_1024_verify_constant_time,10,UNKNOWN,0.0,0,0,2026-02-06T11:44:21+00:00
Rust,RustCrypto,rustcrypto::rsa::rsa_2048_sign_constant_time,1,UNKNOWN,0.0,0,0,2026-02-06T11:44:22+00:00
Rust,RustCrypto,rustcrypto::rsa::rsa_2048_sign_constant_time,2,UNKNOWN,0.0,0,0,2026-02-06T11:44:22+00:00
Rust,RustCrypto,rustcrypto::rsa::rsa_2048_sign_constant_time,3,UNKNOWN,0.0,0,0,2026-02-06T11:44:22+00:00
Rust,RustCrypto,rustcrypto::rsa::rsa_2048_sign_constant_time,4,UNKNOWN,0.0,0,0,2026-02-06T11:44:22+00:00
Rust,RustCrypto,rustcrypto::rsa::rsa_2048_sign_constant_time,5,UNKNOWN,0.0,0,0,2026-02-06T11:44:22+00:00
Rust,RustCrypto,rustcrypto::rsa::rsa_2048_sign_constant_time,6,UNKNOWN,0.0,0,0,2026-02-06T11:44:22+00:00
Rust,RustCrypto,rustcrypto::rsa::rsa_2048_sign_constant_time,7,UNKNOWN,0.0,0,0,2026-02-06T11:44:22+00:00
Rust,RustCrypto,rustcrypto::rsa::rsa_2048_sign_constant_time,8,UNKNOWN,0.0,0,0,2026-02-06T11:44:22+00:00
Rust,RustCrypto,rustcrypto::rsa::rsa_2048_sign_constant_time,9,UNKNOWN,0.0,0,0,2026-02-06T11:44:22+00:00
Rust,RustCrypto,rustcrypto::rsa::rsa_2048_sign_constant_time,10,UNKNOWN,0.0,0,0,2026-02-06T11:44:22+00:00
Rust,RustCrypto,rustcrypto::rsa::rsa_key_size_timing_difference,1,UNKNOWN,0.0,0,0,2026-02-06T11:44:22+00:00
Rust,RustCrypto,rustcrypto::rsa::rsa_key_size_timing_difference,2,UNKNOWN,0.0,0,0,2026-02-06T11:44:22+00:00
Rust,RustCrypto,rustcrypto::rsa::rsa_key_size_timing_difference,3,UNKNOWN,0.0,0,0,2026-02-06T11:44:22+00:00
Rust,RustCrypto,rustcrypto::rsa::rsa_key_size_timing_difference,4,UNKNOWN,0.0,0,0,2026-02-06T11:44:22+00:00
Rust,RustCrypto,rustcrypto::rsa::rsa_key_size_timing_difference,5,UNKNOWN,0.0,0,0,2026-02-06T11:44:22+00:00
Rust,RustCrypto,rustcrypto::rsa::rsa_key_size_timing_difference,6,UNKNOWN,0.0,0,0,2026-02-06T11:44:22+00:00
Rust,RustCrypto,rustcrypto::rsa::rsa_key_size_timing_difference,7,UNKNOWN,0.0,0,0,2026-02-06T11:44:22+00:00
Rust,RustCrypto,rustcrypto::rsa::rsa_key_size_timing_difference,8,UNKNOWN,0.0,0,0,2026-02-06T11:44:22+00:00
Rust,RustCrypto,rustcrypto::rsa::rsa_key_size_timing_difference,9,UNKNOWN,0.0,0,0,2026-02-06T11:44:22+00:00
Rust,RustCrypto,rustcrypto::rsa::rsa_key_size_timing_difference,10,UNKNOWN,0.0,0,0,2026-02-06T11:44:22+00:00
Rust,RustCrypto,rustcrypto::sha3::rustcrypto_sha3_256_ct,1,PASS,0.0,6000,0,2026-02-06T11:44:22+00:00
Rust,RustCrypto,rustcrypto::sha3::rustcrypto_sha3_256_ct,2,PASS,0.0,6000,0,2026-02-06T11:44:22+00:00
Rust,RustCrypto,rustcrypto::sha3::rustcrypto_sha3_256_ct,3,PASS,0.0,6000,0,2026-02-06T11:44:22+00:00
Rust,RustCrypto,rustcrypto::sha3::rustcrypto_sha3_256_ct,4,INCONCLUSIVE,0.0,6000,1,2026-02-06T11:44:23+00:00
Rust,RustCrypto,rustcrypto::sha3::rustcrypto_sha3_256_ct,5,PASS,0.0,6000,0,2026-02-06T11:44:23+00:00
Rust,RustCrypto,rustcrypto::sha3::rustcrypto_sha3_256_ct,6,PASS,0.0,6000,0,2026-02-06T11:44:23+00:00
Rust,RustCrypto,rustcrypto::sha3::rustcrypto_sha3_256_ct,7,PASS,0.0,6000,0,2026-02-06T11:44:23+00:00
Rust,RustCrypto,rustcrypto::sha3::rustcrypto_sha3_256_ct,8,PASS,0.0,6000,1,2026-02-06T11:44:24+00:00
Rust,RustCrypto,rustcrypto::sha3::rustcrypto_sha3_256_ct,9,INCONCLUSIVE,0.0,6000,0,2026-02-06T11:44:24+00:00
Rust,RustCrypto,rustcrypto::sha3::rustcrypto_sha3_256_ct,10,PASS,0.0,6000,0,2026-02-06T11:44:24+00:00
Rust,RustCrypto,rustcrypto::sha3::rustcrypto_sha3_256_data_independence,1,PASS,0.0,6000,0,2026-02-06T11:44:24+00:00
Rust,RustCrypto,rustcrypto::sha3::rustcrypto_sha3_256_data_independence,2,INCONCLUSIVE,0.0,6000,0,2026-02-06T11:44:24+00:00
Rust,RustCrypto,rustcrypto::sha3::rustcrypto_sha3_256_data_independence,3,PASS,0.0,6000,1,2026-02-06T11:44:25+00:00
Rust,RustCrypto,rustcrypto::sha3::rustcrypto_sha3_256_data_independence,4,INCONCLUSIVE,0.0,6000,0,2026-02-06T11:44:25+00:00
Rust,RustCrypto,rustcrypto::sha3::rustcrypto_sha3_256_data_independence,5,PASS,0.4,6000,0,2026-02-06T11:44:25+00:00
Rust,RustCrypto,rustcrypto::sha3::rustcrypto_sha3_256_data_independence,6,PASS,0.0,6000,0,2026-02-06T11:44:25+00:00
Rust,RustCrypto,rustcrypto::sha3::rustcrypto_sha3_256_data_independence,7,PASS,0.0,6000,0,2026-02-06T11:44:25+00:00
Rust,RustCrypto,rustcrypto::sha3::rustcrypto_sha3_256_data_independence,8,PASS,0.0,6000,1,2026-02-06T11:44:26+00:00
Rust,RustCrypto,rustcrypto::sha3::rustcrypto_sha3_256_data_independence,9,INCONCLUSIVE,0.0,6000,0,2026-02-06T11:44:26+00:00
Rust,RustCrypto,rustcrypto::sha3::rustcrypto_sha3_256_data_independence,10,PASS,0.0,6000,0,2026-02-06T11:44:26+00:00
Rust,RustCrypto,rustcrypto::sha3::rustcrypto_sha3_256_hamming,1,PASS,0.0,6000,0,2026-02-06T11:44:26+00:00
Rust,RustCrypto,rustcrypto::sha3::rustcrypto_sha3_256_hamming,2,INCONCLUSIVE,0.0,6000,0,2026-02-06T11:44:26+00:00
Rust,RustCrypto,rustcrypto::sha3::rustcrypto_sha3_256_hamming,3,PASS,0.0,6000,1,2026-02-06T11:44:27+00:00
Rust,RustCrypto,rustcrypto::sha3::rustcrypto_sha3_256_hamming,4,PASS,0.0,6000,0,2026-02-06T11:44:27+00:00
Rust,RustCrypto,rustcrypto::sha3::rustcrypto_sha3_256_hamming,5,PASS,0.0,6000,0,2026-02-06T11:44:27+00:00
Rust,RustCrypto,rustcrypto::sha3::rustcrypto_sha3_256_hamming,6,PASS,0.0,6000,0,2026-02-06T11:44:27+00:00
Rust,RustCrypto,rustcrypto::sha3::rustcrypto_sha3_256_hamming,7,INCONCLUSIVE,0.0,6000,1,2026-02-06T11:44:28+00:00
Rust,RustCrypto,rustcrypto::sha3::rustcrypto_sha3_256_hamming,8,INCONCLUSIVE,0.0,6000,0,2026-02-06T11:44:28+00:00
Rust,RustCrypto,rustcrypto::sha3::rustcrypto_sha3_256_hamming,9,INCONCLUSIVE,0.0,6000,0,2026-02-06T11:44:28+00:00
Rust,RustCrypto,rustcrypto::sha3::rustcrypto_sha3_256_hamming,10,PASS,0.0,6000,0,2026-02-06T11:44:28+00:00
Rust,RustCrypto,rustcrypto::sha3::rustcrypto_sha3_256_incremental_ct,1,PASS,0.3,6000,0,2026-02-06T11:44:28+00:00
Rust,RustCrypto,rustcrypto::sha3::rustcrypto_sha3_256_incremental_ct,2,PASS,0.0,6000,1,2026-02-06T11:44:29+00:00
Rust,RustCrypto,rustcrypto::sha3::rustcrypto_sha3_256_incremental_ct,3,PASS,0.0,6000,0,2026-02-06T11:44:29+00:00
Rust,RustCrypto,rustcrypto::sha3::rustcrypto_sha3_256_incremental_ct,4,INCONCLUSIVE,0.0,6000,0,2026-02-06T11:44:29+00:00
Rust,RustCrypto,rustcrypto::sha3::rustcrypto_sha3_256_incremental_ct,5,PASS,0.0,6000,0,2026-02-06T11:44:29+00:00
Rust,RustCrypto,rustcrypto::sha3::rustcrypto_sha3_256_incremental_ct,6,PASS,0.0,6000,0,2026-02-06T11:44:29+00:00
Rust,RustCrypto,rustcrypto::sha3::rustcrypto_sha3_256_incremental_ct,7,PASS,0.0,6000,1,2026-02-06T11:44:30+00:00
Rust,RustCrypto,rustcrypto::sha3::rustcrypto_sha3_256_incremental_ct,8,PASS,0.0,6000,0,2026-02-06T11:44:30+00:00
Rust,RustCrypto,rustcrypto::sha3::rustcrypto_sha3_256_incremental_ct,9,INCONCLUSIVE,0.0,6000,0,2026-02-06T11:44:30+00:00
Rust,RustCrypto,rustcrypto::sha3::rustcrypto_sha3_256_incremental_ct,10,PASS,0.0,6000,0,2026-02-06T11:44:30+00:00
Rust,RustCrypto,rustcrypto::sha3::rustcrypto_sha3_384_ct,1,PASS,0.0,6000,0,2026-02-06T11:44:30+00:00
Rust,RustCrypto,rustcrypto::sha3::rustcrypto_sha3_384_ct,2,PASS,0.0,6000,1,2026-02-06T11:44:31+00:00
Rust,RustCrypto,rustcrypto::sha3::rustcrypto_sha3_384_ct,3,PASS,0.0,6000,0,2026-02-06T11:44:31+00:00
Rust,RustCrypto,rustcrypto::sha3::rustcrypto_sha3_384_ct,4,PASS,0.0,6000,0,2026-02-06T11:44:31+00:00
Rust,RustCrypto,rustcrypto::sha3::rustcrypto_sha3_384_ct,5,PASS,0.0,6000,0,2026-02-06T11:44:31+00:00
Rust,RustCrypto,rustcrypto::sha3::rustcrypto_sha3_384_ct,6,PASS,0.0,6000,0,2026-02-06T11:44:31+00:00
Rust,RustCrypto,rustcrypto::sha3::rustcrypto_sha3_384_ct,7,PASS,0.0,6000,1,2026-02-06T11:44:32+00:00
Rust,RustCrypto,rustcrypto::sha3::rustcrypto_sha3_384_ct,8,INCONCLUSIVE,0.0,6000,0,2026-02-06T11:44:32+00:00
Rust,RustCrypto,rustcrypto::sha3::rustcrypto_sha3_384_ct,9,PASS,0.0,6000,0,2026-02-06T11:44:32+00:00
Rust,RustCrypto,rustcrypto::sha3::rustcrypto_sha3_384_ct,10,PASS,0.0,6000,0,2026-02-06T11:44:32+00:00
Rust,RustCrypto,rustcrypto::sha3::rustcrypto_sha3_512_ct,1,PASS,0.0,6000,0,2026-02-06T11:44:32+00:00
Rust,RustCrypto,rustcrypto::sha3::rustcrypto_sha3_512_ct,2,INCONCLUSIVE,0.0,6000,1,2026-02-06T11:44:33+00:00
Rust,RustCrypto,rustcrypto::sha3::rustcrypto_sha3_512_ct,3,INCONCLUSIVE,0.0,6000,0,2026-02-06T11:44:33+00:00
Rust,RustCrypto,rustcrypto::sha3::rustcrypto_sha3_512_ct,4,PASS,0.0,6000,0,2026-02-06T11:44:33+00:00
Rust,RustCrypto,rustcrypto::sha3::rustcrypto_sha3_512_ct,5,PASS,0.0,6000,0,2026-02-06T11:44:33+00:00
Rust,RustCrypto,rustcrypto::sha3::rustcrypto_sha3_512_ct,6,PASS,0.0,6000,0,2026-02-06T11:44:33+00:00
Rust,RustCrypto,rustcrypto::sha3::rustcrypto_sha3_512_ct,7,PASS,0.0,6000,1,2026-02-06T11:44:34+00:00
Rust,RustCrypto,rustcrypto::sha3::rustcrypto_sha3_512_ct,8,PASS,0.0,6000,0,2026-02-06T11:44:34+00:00
Rust,RustCrypto,rustcrypto::sha3::rustcrypto_sha3_512_ct,9,PASS,0.0,6000,0,2026-02-06T11:44:34+00:00
Rust,RustCrypto,rustcrypto::sha3::rustcrypto_sha3_512_ct,10,INCONCLUSIVE,0.0,6000,0,2026-02-06T11:44:34+00:00
